,Name,Team,Position,Proj_Score,Price,adp
3,Jake Lloyd,SYD,DEF,128,656400,46
13,Patrick Dangerfield,GEE,FWD,116,611900,43
1,Max Gawn,MEL,RUC,133,751400,42
31,Dustin Martin,RIC,FWD,109,541600,36
2,Lachie Neale,BRI,MID,131,721800,34
4,Brodie Grundy,COL,RUC,123,648200,32
19,Rory Laird,ADE,DEF,112,564800,30
51,Steele Sidebottom,COL,FWD,103,588000,30
22,Lachie Whitfield,GWS,DEF,108,561600,26
5,Clayton Oliver,MEL,MID,122,656700,25
36,Caleb Daniel,WBD,DEF,107,545500,25
72,Dayne Zorko,BRI,FWD,98,525800,25
76,Josh Dunkley,WBD,FWD,98,560200,25
7,Jack Steele,STK,MID,121,658000,24
39,Luke Ryan,FRE,DEF,106,576500,24
80,Tom Hawkins,GEE,FWD,97,568600,24
6,Matt Crouch,ADE,MID,120,594700,23
8,Zach Merrett,ESS,MID,120,620900,23
16,Reilly O'Brien,ADE,RUC,114,570800,23
88,Robbie Gray,POR,FWD,95,491100,22
10,Jack Macrae,WBD,MID,118,650100,21
11,Christian Petracca,MEL,MID,118,631400,21
14,Todd Goldstein,NME,RUC,112,601700,21
84,Michael Walters,FRE,FWD,94,531100,21
52,Luke McDonald,NME,DEF,102,512900,20
9,Tom Mitchell,HAW,MID,116,610000,19
12,Patrick Dangerfield,GEE,MID,116,611900,19
55,Jeremy Howe,COL,DEF,101,517900,19
56,Jordan Ridley,ESS,DEF,101,547700,19
57,Tom Stewart,GEE,DEF,101,538000,19
58,Adam Saad,CAR,DEF,101,526200,19
15,Andrew Gaff,WCE,MID,115,570800,18
60,Callum Mills,SYD,DEF,100,544800,18
61,Jayden Short,RIC,DEF,100,519300,18
62,Jack Crisp,COL,DEF,100,533200,18
17,Jarryd Lyons,BRI,MID,113,604600,16
29,Nic Naitanui,WCE,RUC,107,593700,16
37,Tim English,WBD,RUC,107,551200,16
69,Sam Docherty,CAR,DEF,98,496000,16
74,Steven May,MEL,DEF,98,507900,16
20,Rory Laird,ADE,MID,112,564800,15
78,Brayden Maynard,COL,DEF,97,549900,15
21,Luke Parker,SYD,MID,111,571100,14
24,Marcus Bontempelli,WBD,MID,111,623900,14
25,Travis Boak,POR,MID,111,590400,14
133,Shai Bolton,RIC,FWD,87,462400,14
23,Nat Fyfe,FRE,MID,110,608300,13
27,Josh Kelly,GWS,MID,110,615600,13
28,Sam Menegola,GEE,MID,110,579000,13
85,Shannon Hurn,WCE,DEF,95,477800,13
86,Nick Haynes,GWS,DEF,95,528400,13
140,Kyle Langford,ESS,FWD,86,436900,13
18,Taylor Adams,COL,MID,109,588800,12
30,Dustin Martin,RIC,MID,109,541600,12
33,Tom Rockliff,POR,MID,109,573000,12
93,Daniel Rich,BRI,DEF,94,483100,12
34,Touk Miller,GCS,MID,108,569200,11
35,Sam Walsh,CAR,MID,108,543300,11
96,Christian Salem,MEL,DEF,93,469100,11
99,Dan Houston,POR,DEF,93,489300,11
119,Liam Duggan,WCE,DEF,93,448600,11
147,Kane Lambert,RIC,FWD,84,445900,11
149,Liam Ryan,WCE,FWD,84,409600,11
151,Zak Butters,POR,FWD,84,471400,11
32,Mitch Duncan,GEE,MID,107,556700,10
38,Cameron Guthrie,GEE,MID,107,554700,10
135,Zac Williams,CAR,DEF,92,458600,10
154,Tom Lynch,ADE,FWD,83,407900,10
40,Lachie Hunter,WBD,MID,106,618500,9
41,Jed Anderson,NME,MID,106,562300,9
104,Brad Sheppard,WCE,DEF,91,492700,9
148,Chad Wingard,HAW,FWD,82,452300,9
162,Toby Greene,GWS,FWD,82,448400,9
163,Jack Gunston,HAW,FWD,82,438200,9
42,Patrick Cripps,CAR,MID,105,523700,8
43,Stephen Coniglio,GWS,MID,105,528900,8
44,Tom Liberatore,WBD,MID,105,569900,8
45,Hugh Greenwood,GCS,MID,105,567300,8
46,Hugh McCluggage,BRI,MID,105,545500,8
47,Ollie Wines,POR,MID,105,560600,8
418,Jack Ziebell,NME,FWD,81,257900,8
48,Scott Pendlebury,COL,MID,104,592200,7
110,Mark Blicavs,GEE,DEF,89,531600,7
114,Jordan Dawson,SYD,DEF,89,485700,7
115,Brodie Smith,ADE,DEF,89,438200,7
171,Charlie Dixon,POR,FWD,80,498700,7
181,Jeremy Cameron,GEE,FWD,80,388100,7
49,Dylan Shiel,ESS,MID,103,548000,6
50,Steele Sidebottom,COL,MID,103,588000,6
123,Bachar Houli,RIC,DEF,88,465600,6
182,Ben Ainsworth,GCS,FWD,79,406300,6
184,Tom Phillips,HAW,FWD,79,402600,6
185,Jack Darling,WCE,FWD,79,434900,6
188,Sam Powell-Pepper,POR,FWD,79,404500,6
53,Andrew Brayshaw,FRE,MID,102,544200,5
127,Darcy Byrne-Jones,POR,DEF,87,441800,5
131,Robbie Tarrant,NME,DEF,87,463100,5
192,Rory Lobb,FRE,FWD,78,415000,5
194,Jack Newnes,CAR,FWD,78,401700,5
195,Tom Papley,SYD,FWD,78,428600,5
198,Zac Bailey,BRI,FWD,78,420300,5
203,Jack Martin,CAR,FWD,78,446300,5
207,Isaac Heeney,SYD,FWD,78,454500,5
59,Tim Kelly,WCE,MID,101,517400,4
136,Nick Vlastuin,RIC,DEF,86,483500,4
138,Bailey Williams,WBD,DEF,86,452600,4
213,Dan Butler,STK,FWD,77,416900,4
54,Adam Treloar,WBD,MID,100,587600,3
90,Jarrod Witts,GCS,RUC,94,501600,3
142,Jack Bowes,GCS,DEF,85,451300,3
144,Hunter Clark,STK,DEF,85,438900,3
215,Isaac Smith,GEE,FWD,76,397600,3
220,Tim Membrey,STK,FWD,76,363700,3
63,Trent Dumont,NME,MID,99,543300,2
64,Shaun Higgins,GEE,MID,99,510400,2
65,Josh P. Kennedy,SYD,MID,99,513500,2
124,Toby Nankervis,RIC,RUC,93,442900,2
146,Dane Rampe,SYD,DEF,84,492300,2
153,Jack Lukosius,GCS,DEF,84,430800,2
223,Jamie Cripps,WCE,FWD,75,373600,2
225,Michael Gibbons,CAR,FWD,75,401500,2
66,Jy Simpkin,NME,MID,98,499700,1
68,Bailey Smith,WBD,MID,98,494600,1
70,Ed Curnow,CAR,MID,98,512600,1
71,Dayne Zorko,BRI,MID,98,525800,1
73,Jack Viney,MEL,MID,98,534900,1
75,Josh Dunkley,WBD,MID,98,560200,1
77,David Mundy,FRE,MID,98,502000,1
101,Scott Lycett,POR,RUC,92,520700,1
155,Alex Witherden,WCE,DEF,83,456100,1
156,Hamish Hartlett,POR,DEF,83,421900,1
228,Gryan Miers,GEE,FWD,74,387100,1
229,Will Snelling,ESS,FWD,74,368500,1
232,Luke Breust,HAW,FWD,74,428100,1
233,Toby McLean,WBD,FWD,74,366700,1
79,Harry Perryman,GWS,MID,97,505000,0
103,Rhys Stanley,GEE,RUC,91,551900,0
157,Sam Petrevski-Seton,CAR,DEF,82,401400,0
159,Jason Johannisen,WBD,DEF,82,448300,0
160,Nick Coffield,STK,DEF,82,426500,0
161,Trent McKenzie,POR,DEF,82,388300,0
241,Charlie Cameron,BRI,FWD,73,395400,0
244,Jack Higgins,STK,FWD,73,419600,0
246,Matthew Kennedy,CAR,FWD,73,437500,0
81,Jacob Hopper,GWS,MID,96,488600,-1
168,Michael Hurley,ESS,DEF,81,431400,-1
249,Aaron Hall,NME,FWD,72,392200,-1
251,Connor Rozee,POR,FWD,72,377200,-1
252,David Zaharakis,ESS,FWD,72,351400,-1
253,Mitch Wallis,WBD,FWD,72,379900,-1
255,Jack Riewoldt,RIC,FWD,72,344500,-1
256,Shaun Burgoyne,HAW,FWD,72,378600,-1
257,Bayley Fritsch,MEL,FWD,72,359300,-1
82,Andrew McGrath,ESS,MID,95,510000,-2
89,Ed Langdon,MEL,MID,95,487300,-2
117,Tim Taranto,GWS,MID,95,453700,-2
170,Tom Doedee,ADE,DEF,80,457900,-2
172,James Harmes,MEL,DEF,80,344700,-2
174,Harris Andrews,BRI,DEF,80,469700,-2
176,Ben McEvoy,HAW,DEF,80,456000,-2
179,Tom Barrass,WCE,DEF,80,447200,-2
180,Michael Hibberd,MEL,DEF,80,378000,-2
260,Oscar Allen,WCE,FWD,71,422100,-2
453,Matt Rowell,GCS,MID,95,495100,-2
83,Michael Walters,FRE,MID,94,531100,-3
91,Luke Shuey,WCE,MID,94,508600,-3
95,Jack Billings,STK,MID,94,514800,-3
190,Harry Cunningham,SYD,DEF,79,410400,-3
191,Jeremy McGovern,WCE,DEF,79,462100,-3
265,Luke Dahlhaus,GEE,FWD,70,375200,-3
266,Levi Casboult,CAR,FWD,70,349900,-3
268,Cameron Rayner,BRI,FWD,70,392900,-3
270,Eric Hipwood,BRI,FWD,70,391300,-3
272,Jamie Elliott,COL,FWD,70,362700,-3
459,Joe Daniher,BRI,FWD,70,233300,-3
505,Jarman Impey,HAW,FWD,70,212800,-3
97,Devon Smith,ESS,MID,93,458000,-4
98,Adam Cerra,FRE,MID,93,484800,-4
126,Rory Lobb,FRE,RUC,87,415000,-4
129,Ben McEvoy,HAW,RUC,87,456000,-4
202,Liam Baker,RIC,DEF,78,419100,-4
204,Shaun Atley,NME,DEF,78,404200,-4
205,Hayden Crozier,WBD,DEF,78,409100,-4
206,Darcy Moore,COL,DEF,78,430200,-4
282,Rhys Mathieson,BRI,FWD,69,364800,-4
286,Brett Bewley,FRE,FWD,69,388200,-4
287,Lincoln McCarthy,BRI,FWD,69,354600,-4
346,Wayne Milera,ADE,DEF,78,312200,-4
102,Will Setterfield,CAR,MID,92,481900,-5
134,Oscar McInerney,BRI,RUC,86,443400,-5
210,Jacob Weitering,CAR,DEF,77,410400,-5
211,Jake Lever,MEL,DEF,77,419400,-5
290,Brent Daniels,GWS,FWD,68,356600,-5
293,Jason Castagna,RIC,FWD,68,341000,-5
295,Brody Mihocek,COL,FWD,68,366000,-5
297,Will Hoskin-Elliott,COL,FWD,68,337500,-5
299,Sam Reid,SYD,FWD,68,328300,-5
302,Darcy MacPherson,GCS,FWD,68,306700,-5
303,Anthony McDonald-Tipungwuti,ESS,FWD,68,370400,-5
105,Dom Sheed,WCE,MID,91,478500,-6
106,Darcy Parish,ESS,MID,91,465800,-6
108,Joel Selwood,GEE,MID,91,445000,-6
209,Ben Cunnington,NME,MID,91,439800,-6
216,Tom Jonas,POR,DEF,76,373600,-6
221,Sam Collins,GCS,DEF,76,422500,-6
306,Jeremy Finlayson,GWS,FWD,67,346700,-6
312,Gary Rohan,GEE,FWD,67,392200,-6
313,Peter Ladhams,POR,FWD,67,460000,-6
316,Tom Scully,HAW,FWD,67,290500,-6
317,Izak Rankine,GCS,FWD,67,371600,-6
373,Jye Caldwell,ESS,FWD,67,348600,-6
109,Jaeger O'Meara,HAW,MID,90,488000,-7
112,James Worpel,HAW,MID,90,474200,-7
222,Ethan Hughes,FRE,DEF,75,381800,-7
226,Callum Wilkie,STK,DEF,75,409000,-7
324,Shane McAdam,ADE,FWD,66,354600,-7
111,Mark Blicavs,GEE,MID,89,531600,-8
113,Zak Jones,STK,MID,89,494700,-8
116,Brodie Smith,ADE,MID,89,438200,-8
118,Lachie Weller,GCS,MID,89,436500,-8
120,Jarrod Berry,BRI,MID,89,521500,-8
235,Jack Scrimshaw,HAW,DEF,74,399600,-8
237,Jackson Nelson,WCE,DEF,74,397600,-8
239,John Noble,COL,DEF,74,393300,-8
326,Daniel Rioli,RIC,FWD,65,341500,-8
329,Taylor Duryea,WBD,FWD,65,342200,-8
332,Tom McDonald,MEL,FWD,65,323000,-8
335,Nathan Jones,MEL,FWD,65,292100,-8
338,Josh Battle,STK,FWD,65,362900,-8
604,Mitch Lewis,HAW,FWD,65,199500,-8
121,Jared Polec,NME,MID,88,477800,-9
122,Rory Sloane,ADE,MID,88,471900,-9
243,Brennan Cox,FRE,DEF,73,433500,-9
247,Blake Hardwick,HAW,DEF,73,373100,-9
248,Dougal Howard,STK,DEF,73,355200,-9
339,David Cuningham,CAR,FWD,64,340700,-9
341,Dyson Heppell,ESS,MID,88,319100,-9
342,Steven Motlop,POR,FWD,64,308500,-9
343,Will Hayward,SYD,FWD,64,327100,-9
348,Zac Fisher,CAR,FWD,64,394200,-9
350,Nick Blakey,SYD,FWD,64,318700,-9
351,Sam Day,GCS,FWD,64,298300,-9
354,Elliott Himmelberg,ADE,FWD,64,358000,-9
356,Jordan De Goey,COL,FWD,64,435200,-9
608,Braeden Campbell,SYD,FWD,64,189300,-9
609,Archie Perkins,ESS,FWD,64,171300,-9
100,James Sicily,HAW,DEF,72,552900,-10
125,Trent Cotchin,RIC,MID,87,443500,-10
128,David Swallow,GCS,MID,87,438400,-10
130,Brandon Ellis,GCS,MID,87,450600,-10
132,Shai Bolton,RIC,MID,87,462400,-10
165,Sean Darcy,FRE,RUC,81,420100,-10
254,Nathan Wilson,FRE,DEF,72,395100,-10
358,Jake Melksham,MEL,FWD,63,296800,-10
359,Taylor Walker,ADE,FWD,63,298200,-10
360,Tim O'Brien,HAW,FWD,63,297500,-10
361,Brendon Ah Chee,WCE,FWD,63,310200,-10
362,Cameron Zurhaar,NME,FWD,63,337800,-10
366,Alex Sexton,GCS,FWD,63,330000,-10
107,Sebastian Ross,STK,MID,86,417900,-11
137,Ben Keays,ADE,MID,86,436200,-11
139,Kyle Langford,ESS,MID,86,436900,-11
141,Liam Shiels,HAW,MID,86,420100,-11
262,Wil Powell,GCS,DEF,71,358900,-11
263,Luke Brown,ADE,DEF,71,363400,-11
264,David Mackay,ADE,DEF,71,393300,-11
370,Sam Simpson,GEE,FWD,62,350600,-11
381,Daniel Lloyd,GWS,FWD,62,330900,-11
382,Josh Jenkins,GEE,FWD,62,323400,-11
87,Marc Murphy,CAR,MID,85,444700,-12
143,Angus Brayshaw,MEL,MID,85,435200,-12
145,Noah Anderson,GCS,MID,85,411500,-12
189,Callum Sinclair,SYD,RUC,79,414100,-12
269,Darcy Gardiner,BRI,DEF,70,362800,-12
273,Aidan Corr,NME,DEF,70,381100,-12
274,Damon Greaves,HAW,DEF,70,389700,-12
275,Mark O'Connor,GEE,DEF,70,380800,-12
276,Stephen Hill,FRE,DEF,70,338000,-12
277,Jarryn Geary,STK,DEF,70,320400,-12
278,Ben Long,STK,DEF,70,384100,-12
279,Liam Jones,CAR,DEF,70,387500,-12
280,Ryan Lester,BRI,DEF,70,380200,-12
384,Josh Thomas,COL,FWD,61,305800,-12
386,Ed Richards,WBD,FWD,61,309300,-12
387,Esava Ratugolea,GEE,FWD,61,369400,-12
389,Nick Holman,GCS,FWD,61,328600,-12
391,Bailey Scott,NME,FWD,61,332300,-12
396,Sydney Stack,RIC,FWD,61,277600,-12
92,Elliot Yeo,WCE,MID,84,483000,-13
150,Mitch Robinson,BRI,MID,84,418800,-13
152,Josh Daicos,COL,MID,84,442200,-13
199,Marc Pittonet,CAR,RUC,78,421500,-13
200,Peter Ladhams,POR,RUC,78,460000,-13
208,Shane Mumford,GWS,RUC,78,420700,-13
283,Ben Paton,STK,DEF,69,344200,-13
284,Dylan Grimes,RIC,DEF,69,382800,-13
398,Jaidyn Stephenson,NME,FWD,60,354100,-13
401,Tyson Stengle,ADE,FWD,60,305300,-13
403,Harry McKay,CAR,FWD,60,319900,-13
605,Harrison Jones,ESS,FWD,60,123900,-13
613,Trey Ruscoe,COL,FWD,60,206800,-13
615,Bailey J. Williams,WCE,FWD,60,193400,-13
616,Sam Flanders,GCS,FWD,60,192300,-13
617,Jonathon Patton,HAW,FWD,60,189800,-13
620,Tom Fullarton,BRI,FWD,60,128900,-13
622,James Rowe,ADE,FWD,60,117300,-13
291,Lachie Henderson,GEE,DEF,68,377700,-14
292,Callum Ah Chee,BRI,DEF,68,353300,-14
294,Reece Conca,FRE,DEF,68,370300,-14
296,Will Day,HAW,DEF,68,384400,-14
298,Lachie Plowman,CAR,DEF,68,354900,-14
300,Jake Kelly,ADE,DEF,68,309800,-14
405,Max King,STK,FWD,59,327400,-14
408,Jake Aarts,RIC,FWD,59,329400,-14
158,Caleb Serong,FRE,MID,82,435600,-15
307,Robbie Fox,SYD,DEF,67,385700,-15
308,Harry Morrison,HAW,DEF,67,358500,-15
310,Aliir Aliir,POR,DEF,67,321200,-15
311,Grant Birchall,BRI,DEF,67,375300,-15
314,Taylin Duman,FRE,DEF,67,354600,-15
417,Tom Atkins,GEE,FWD,58,293500,-15
419,Eddie Betts,CAR,FWD,58,308800,-15
421,Ben King,GCS,FWD,58,298700,-15
422,Lachlan Murphy,ADE,FWD,58,328600,-15
423,Tom McCartin,SYD,FWD,58,312800,-15
424,Dean Kent,STK,FWD,58,335200,-15
166,Karl Amon,POR,MID,81,431400,-16
167,Jade Gresham,STK,MID,81,438100,-16
319,Mason Redman,ESS,DEF,66,330200,-16
320,Jarrod Harbrow,GCS,DEF,66,309100,-16
321,Jack Henry,GEE,DEF,66,325500,-16
322,Jake Carlisle,STK,DEF,66,372500,-16
323,Bryce Gibbs,ADE,DEF,66,290100,-16
425,Daniel McStay,BRI,FWD,57,333800,-16
427,Lin Jong,WBD,FWD,57,318100,-16
429,Jack Lonie,STK,FWD,57,351200,-16
430,Josh Bruce,WBD,FWD,57,275000,-16
431,Lachie Fogarty,CAR,FWD,57,319100,-16
432,Aaron Naughton,WBD,FWD,57,329700,-16
169,Jack Redden,WCE,MID,80,377900,-17
173,Brandan Parfitt,GEE,MID,80,455100,-17
175,Jack Graham,RIC,MID,80,446400,-17
177,James Aish,FRE,MID,80,404600,-17
178,Oliver Florent,SYD,MID,80,408300,-17
231,Jonathon Ceglar,HAW,RUC,74,388100,-17
234,Sam Naismith,SYD,RUC,74,376100,-17
325,Isaac Quaynor,COL,DEF,65,405300,-17
327,Trent Rivers,MEL,DEF,65,350400,-17
328,Noah Balta,RIC,DEF,65,373600,-17
330,Taylor Duryea,WBD,DEF,65,342200,-17
331,Tom Clurey,POR,DEF,65,335500,-17
336,Lachlan Keeffe,GWS,DEF,65,372800,-17
437,Harry Schoenberg,ADE,FWD,56,315600,-17
183,Tom Phillips,HAW,MID,79,402600,-18
186,Zach Tuohy,GEE,MID,79,405100,-18
187,Sam Powell-Pepper,POR,MID,79,404500,-18
240,Josh Jenkins,GEE,RUC,73,323400,-18
340,Andrew McPherson,ADE,DEF,64,368300,-18
344,Jack Madgen,COL,DEF,64,380500,-18
345,Jed Bews,GEE,DEF,64,341800,-18
347,Sam Mayes,POR,DEF,64,342500,-18
353,Tom Cole,WCE,DEF,64,364600,-18
355,Josh Walker,NME,DEF,64,329600,-18
441,Dylan Clarke,ESS,FWD,55,348600,-18
442,Alex Neal-Bullen,MEL,FWD,55,310100,-18
443,Ben Brown,MEL,FWD,55,260300,-18
444,Dylan Moore,HAW,FWD,55,302300,-18
445,Curtis Taylor,NME,FWD,55,315800,-18
612,Will Gould,SYD,DEF,64,123900,-18
625,Paddy Dow,CAR,FWD,55,202400,-18
629,Conor Nash,HAW,FWD,55,193400,-18
632,Deven Robertson,BRI,FWD,55,176800,-18
633,Minairo Frederick,FRE,FWD,55,175700,-18
634,Atu Bosenavulagi,NME,FWD,55,175500,-18
635,Cody Weightman,WBD,FWD,55,173700,-18
636,Ned Cahill,ESS,FWD,55,161200,-18
638,Tom Campbell,NME,FWD,55,154700,-18
640,Kieran Strachan,ADE,FWD,55,146700,-18
645,Dylan Williams,POR,FWD,55,123900,-18
647,Ely Smith,BRI,FWD,55,123900,-18
649,Miles Bergman,POR,FWD,55,123900,-18
651,Nakia Cockatoo,BRI,FWD,55,123900,-18
193,Jack Newnes,CAR,MID,78,401700,-19
196,Marlion Pickett,RIC,MID,78,386500,-19
197,Zac Bailey,BRI,MID,78,420300,-19
201,Blake Acres,FRE,MID,78,453600,-19
363,Alex Keath,WBD,DEF,63,323900,-19
364,Lachie Ash,GWS,DEF,63,320600,-19
367,Adam Tomlinson,MEL,DEF,63,324000,-19
447,Orazio Fantasia,POR,FWD,54,271800,-19
450,Todd Marshall,POR,FWD,54,377400,-19
164,Dion Prestia,RIC,MID,77,446800,-20
212,Paul Seedsman,ADE,MID,77,429800,-20
371,Nathan Broad,RIC,DEF,62,349200,-20
375,Daniel Talia,ADE,DEF,62,354600,-20
376,Michael Hartley,HAW,DEF,62,317800,-20
377,Brandon Starcevich,BRI,DEF,62,307300,-20
378,Lachlan Sholl,ADE,DEF,62,343200,-20
380,Tom Williamson,CAR,DEF,62,313400,-20
383,Charlie Ballard,GCS,DEF,62,307600,-20
455,Shaun McKernan,STK,FWD,53,245900,-20
458,Darcy Fogarty,ADE,FWD,53,286400,-20
460,James Stewart,ESS,FWD,53,295000,-20
462,Will Brodie,GCS,FWD,53,344900,-20
463,Bailey Dale,WBD,FWD,53,298500,-20
464,Mitch Crowden,FRE,FWD,53,295500,-20
214,Isaac Smith,GEE,MID,76,397600,-21
217,Callan Ward,GWS,MID,76,409900,-21
218,James Rowbottom,SYD,MID,76,405600,-21
219,James Cousins,HAW,MID,76,412600,-21
388,Cale Hooker,ESS,DEF,61,372700,-21
394,Martin Gleeson,ESS,DEF,61,293400,-21
466,Laitham Vandermeer,WBD,FWD,52,278900,-21
467,Sam Weideman,MEL,FWD,52,303800,-21
468,Jake Stringer,ESS,FWD,52,282600,-21
470,Roarke Smith,WBD,FWD,52,281400,-21
472,Kane Farrell,POR,FWD,52,309200,-21
479,Jake Waterman,WCE,FWD,52,323600,-21
480,Jake Riccardi,GWS,FWD,52,336500,-21
224,Luke Davies-Uniacke,NME,MID,75,432800,-22
227,Shane Edwards,RIC,MID,75,416700,-22
288,Darcy Fort,GEE,RUC,69,390700,-22
289,Esava Ratugolea,GEE,RUC,69,369400,-22
399,Matt Guelfi,ESS,DEF,60,324300,-22
402,Jordan Roughead,COL,DEF,60,311300,-22
482,Will Walker,NME,FWD,51,244500,-22
486,Kysaiah Pickett,MEL,FWD,51,256400,-22
489,Mitch Brown,MEL,FWD,51,280500,-22
618,Neville Jetta,MEL,DEF,60,186300,-22
619,Lachlan Jones,POR,DEF,60,139800,-22
94,Brad Crouch,STK,MID,74,448600,-23
236,Luke Dunstan,STK,MID,74,395400,-23
238,Dan Hannebery,STK,MID,74,338500,-23
301,Stefan Martin,WBD,RUC,68,272200,-23
404,Griffin Logue,FRE,DEF,59,339400,-23
406,Riley Bonner,POR,DEF,59,318200,-23
407,James Frawley,STK,DEF,59,295900,-23
409,Jake Kolodjashnij,GEE,DEF,59,330200,-23
410,Jarrod Lienert,POR,DEF,59,289200,-23
413,Easton Wood,WBD,DEF,59,297700,-23
414,Sam Frost,HAW,DEF,59,304900,-23
493,Mitch McGovern,CAR,FWD,50,283900,-23
659,Jamarra Ugle-Hagan,WBD,FWD,50,207300,-23
665,Ben Davis,ADE,FWD,50,191800,-23
669,Liam Henry,FRE,FWD,50,184500,-23
674,Sam Philp,CAR,FWD,50,171100,-23
677,Jayden Hunt,MEL,FWD,50,163300,-23
681,Callum Coleman-Jones,RIC,FWD,50,161200,-23
683,Kade Chandler,MEL,FWD,50,161200,-23
686,Connor Ballenden,BRI,FWD,50,146100,-23
688,Josh Morris,HAW,FWD,50,145100,-23
689,Conor Stone,GWS,FWD,50,144300,-23
690,Chad Warner,SYD,FWD,50,144000,-23
691,Ben Jarvis,GEE,FWD,50,139200,-23
693,Toby Bedford,MEL,FWD,50,137000,-23
695,Tom Hutchesson,GWS,FWD,50,135400,-23
697,Oliver Henry,COL,FWD,50,135300,-23
701,Anton Tohill,COL,FWD,50,123900,-23
703,Barry O'Connor,SYD,FWD,50,123900,-23
714,Cameron Taheny,GEE,FWD,50,123900,-23
717,Connor McFadyen,BRI,FWD,50,123900,-23
718,Emerson Jeka,HAW,FWD,50,123900,-23
720,Francis Evans,GEE,FWD,50,123900,-23
730,James Madden,BRI,FWD,50,123900,-23
739,Kieren Briggs,GWS,FWD,50,123900,-23
741,Lachlan Johnson,ESS,FWD,50,123900,-23
743,Leno Thomas,FRE,FWD,50,123900,-23
747,Malcolm Rosas,GCS,FWD,50,123900,-23
751,Matthew Owies,CAR,FWD,50,123900,-23
752,Max Lynch,COL,FWD,50,123900,-23
754,Max Lynch,COL,FWD,50,123900,-23
755,Nathan Kreuger,GEE,FWD,50,123900,-23
759,Noah Cumberland,RIC,FWD,50,123900,-23
761,Oscar Brownless,GEE,FWD,50,123900,-23
763,Patrick Murtagh,GCS,FWD,50,123900,-23
766,Ross McQuillan,ESS,FWD,50,123900,-23
771,Stefan Okunbor,GEE,FWD,50,123900,-23
776,Tom Wilson,COL,FWD,50,123900,-23
778,Trent Burgoyne,POR,FWD,50,123900,-23
781,Zach Sproule,GWS,FWD,50,123900,-23
782,Max Holmes,GEE,FWD,50,121800,-23
786,Beau McCreery,COL,FWD,50,117300,-23
788,Brayden Cook,ADE,FWD,50,117300,-23
789,Caleb Poulter,COL,FWD,50,117300,-23
791,Charlie Lazzaro,NME,FWD,50,117300,-23
795,Dominic Bedendo,WBD,FWD,50,117300,-23
796,Eddie Ford,NME,FWD,50,117300,-23
798,Fraser Rosman,MEL,FWD,50,117300,-23
804,Jake Bowey,MEL,FWD,50,117300,-23
806,Joshua Eyre,ESS,FWD,50,117300,-23
808,Liam McMahon,COL,FWD,50,117300,-23
810,Matthew Allison,STK,FWD,50,117300,-23
811,Maurice Rioli,RIC,FWD,50,117300,-23
813,Ollie Lord,POR,FWD,50,117300,-23
814,Phoenix Spicer,NME,FWD,50,117300,-23
815,Reef McInnes,COL,FWD,50,117300,-23
819,Seamus Mitchell,HAW,FWD,50,117300,-23
821,Tyler Brockman,HAW,FWD,50,117300,-23
823,Blake Coleman,BRI,FWD,50,117200,-23
824,Corey Durdin,CAR,FWD,50,117200,-23
825,Jack Carroll,CAR,FWD,50,117200,-23
242,Bradley Hill,STK,MID,73,354000,-24
245,Matthew Kennedy,CAR,MID,73,437500,-24
415,Phil Davis,GWS,DEF,58,290700,-24
420,Aaron Francis,ESS,DEF,58,320300,-24
497,Mason Cox,COL,FWD,49,312200,-24
498,Sam Wicks,SYD,FWD,49,316200,-24
501,Bobby Hill,GWS,FWD,49,287200,-24
502,Mabior Chol,RIC,FWD,49,327200,-24
504,Jarrod Brander,WCE,FWD,49,295500,-24
67,Rowan Marshall,STK,FWD,48,557200,-25
250,Kamdyn McIntosh,RIC,MID,72,381500,-25
258,Ryan Clarke,SYD,MID,72,407800,-25
259,Xavier Duursma,POR,MID,72,398400,-25
411,Jackson Hately,ADE,MID,72,310300,-25
506,Charlie Spargo,MEL,FWD,48,298200,-25
507,Rhylee West,WBD,FWD,48,278000,-25
508,Travis Colyer,FRE,FWD,48,275800,-25
509,Jayden Laverde,ESS,FWD,48,308000,-25
510,Bailey Banfield,FRE,FWD,48,288200,-25
511,Sam Gray,SYD,FWD,48,276300,-25
512,Mitch Hannan,WBD,FWD,48,283600,-25
513,Hayden McLean,SYD,FWD,48,317000,-25
514,Luke Jackson,MEL,FWD,48,312500,-25
829,Riley Thilthorpe,ADE,FWD,48,202800,-25
261,Patrick Lipinski,WBD,MID,71,429800,-26
434,Josh Rotham,WCE,DEF,56,331500,-26
436,Ben McKay,NME,DEF,56,333600,-26
520,Nick Larkey,NME,FWD,47,263800,-26
521,Lewis Taylor,SYD,FWD,47,265600,-26
522,Tarryn Thomas,NME,FWD,47,290100,-26
523,Bradley Close,GEE,FWD,47,257200,-26
267,Jack Sinclair,STK,MID,70,426600,-27
271,Jamie Elliott,COL,MID,70,362700,-27
357,Andrew Phillips,ESS,RUC,64,353000,-27
438,Lewis Melican,SYD,DEF,55,324700,-27
439,Oleg Markov,GCS,DEF,55,314300,-27
524,Jack Mahony,NME,FWD,46,271900,-27
525,Josh Corbett,GCS,FWD,46,273200,-27
527,Oliver Hanrahan,HAW,FWD,46,237200,-27
626,Lachie Young,NME,DEF,55,202000,-27
630,Louis Butler,WBD,DEF,55,191800,-27
642,Dylan Roberton,STK,DEF,55,139700,-27
652,Nathan Murphy,COL,DEF,55,123900,-27
656,Jacob Wehr,GWS,DEF,55,117300,-27
657,Thomas Highmore,STK,DEF,55,117300,-27
281,Rhys Mathieson,BRI,MID,69,365800,-28
285,Brett Bewley,FRE,MID,69,388200,-28
369,Sam Draper,ESS,RUC,63,378100,-28
448,Orazio Fantasia,POR,DEF,54,271800,-28
451,Noah Answerth,BRI,DEF,54,304500,-28
452,Connor Budarick,GCS,DEF,54,256500,-28
531,Brayden Ainsworth,WCE,FWD,45,253900,-28
533,Ben Ronke,SYD,FWD,45,275600,-28
534,Sam Sturt,FRE,FWD,45,265100,-28
834,Ben Cavarra,WBD,FWD,45,194900,-28
835,Logan McDonald,SYD,FWD,45,193800,-28
839,Jy Farrar,GCS,FWD,45,184300,-28
840,Jamaine Jones,WCE,FWD,45,182400,-28
843,Elijah Hollands,GCS,FWD,45,180300,-28
844,Daniel Venables,WCE,FWD,45,179900,-28
846,Jarrod Cameron,WCE,FWD,45,153700,-28
853,Jack Ginnivan,COL,FWD,45,102400,-28
854,Jack Saunders,HAW,FWD,45,102400,-28
858,Joel Jeffrey,GCS,FWD,45,102400,-28
862,Marc Sheather,SYD,FWD,45,102400,-28
304,Chris Mayne,COL,MID,68,373400,-29
537,Darcy Cameron,COL,FWD,44,302900,-29
538,James Bell,SYD,FWD,44,267300,-29
539,Taylor Garner,NME,FWD,44,267400,-29
540,Billy Frampton,ADE,FWD,44,286100,-29
541,Jacob Townsend,GCS,FWD,44,238200,-29
26,Rowan Marshall,STK,RUC,61,557200,-30
305,Justin McInerney,SYD,MID,67,384400,-30
309,Harry Morrison,HAW,MID,67,358500,-30
315,Tom Scully,HAW,MID,67,290500,-30
372,Jye Caldwell,ESS,MID,67,348600,-30
473,Isaac Cumming,GWS,DEF,52,288000,-30
474,Ryan Burton,POR,DEF,52,318800,-30
475,Tobe Watson,FRE,DEF,52,303700,-30
476,David Astbury,RIC,DEF,52,400400,-30
477,Daniel Howe,HAW,DEF,52,280500,-30
658,Rory Thompson,GCS,DEF,52,123900,-30
318,George Hewett,SYD,MID,66,374700,-31
483,Nic Newman,CAR,DEF,51,415400,-31
484,Zaine Cordy,WBD,DEF,51,313700,-31
485,Colin O'Riordan,SYD,DEF,51,268000,-31
491,Jay Lockhart,MEL,DEF,51,289600,-31
543,Ned McHenry,ADE,FWD,42,212900,-31
614,Bailey J. Williams,WCE,RUC,60,193400,-31
621,Tom Fullarton,BRI,RUC,60,128900,-31
333,Tom Green,GWS,MID,65,351400,-32
334,Nathan Jones,MEL,MID,65,292100,-32
337,Josh Battle,STK,MID,65,362900,-32
492,Kyron Hayden,NME,DEF,50,281400,-32
545,Keidean Coleman,BRI,FWD,41,299800,-32
661,Jake Stein,GWS,DEF,50,200100,-32
662,Fischer Mcasey,ADE,DEF,50,199300,-32
664,Lewis Young,WBD,DEF,50,198300,-32
666,Joel Garner,POR,DEF,50,189900,-32
667,Liam Stocker,CAR,DEF,50,186500,-32
668,Denver Grainger-Barras,HAW,DEF,50,184800,-32
671,Zach Guthrie,GEE,DEF,50,180500,-32
672,Jordon Butts,ADE,DEF,50,176800,-32
673,Nikolas Cox,ESS,DEF,50,175800,-32
676,Zach Reid,ESS,DEF,50,166800,-32
678,Matthew Ling,SYD,DEF,50,163000,-32
682,Kade Chandler,MEL,DEF,50,161200,-32
684,Mark Keane,COL,DEF,50,158000,-32
692,Ben Jarvis,GEE,DEF,50,139200,-32
699,Luke Foley,WCE,DEF,50,127900,-32
704,Barry O'Connor,SYD,DEF,50,123900,-32
705,Ben Johnson,WCE,DEF,50,123900,-32
706,Ben Miller,RIC,DEF,50,123900,-32
709,Brock Smith,BRI,DEF,50,123900,-32
711,Buku Khamis,WBD,DEF,50,123900,-32
713,Callum M. Brown,GWS,DEF,50,123900,-32
716,Cian McBride,ESS,DEF,50,123900,-32
722,Harry Edwards,WCE,DEF,50,123900,-32
723,Harry Pepper,HAW,DEF,50,123900,-32
726,Jacob Koschitzke,HAW,DEF,50,123900,-32
728,Jake Pasini,POR,DEF,50,123900,-32
731,James Madden,BRI,DEF,50,123900,-32
732,Jaxon Prior,BRI,DEF,50,123900,-32
734,Jez McLennan,GCS,DEF,50,123900,-32
737,Josh Worrell,ADE,DEF,50,123900,-32
738,Kieren Briggs,GWS,DEF,50,123900,-32
740,Lachlan Gollant,ADE,DEF,50,123900,-32
744,Leno Thomas,FRE,DEF,50,123900,-32
745,Leo Connolly,STK,DEF,50,123900,-32
746,Luke Towey,GCS,DEF,50,123900,-32
748,Martin Frederick,POR,DEF,50,123900,-32
750,Matt McGuinness,NME,DEF,50,123900,-32
762,Oscar Clavarino,STK,DEF,50,123900,-32
767,Ross McQuillan,ESS,DEF,50,123900,-32
768,Sam De Koning,GEE,DEF,50,123900,-32
772,Stefan Okunbor,GEE,DEF,50,123900,-32
777,Trent Bianco,COL,DEF,50,123900,-32
784,Bailey Laurie,MEL,DEF,50,117300,-32
785,Beau McCreery,COL,DEF,50,117300,-32
787,Brandon Walker,FRE,DEF,50,117300,-32
790,Cameron Fleeton,GWS,DEF,50,117300,-32
793,Cody Brand,ESS,DEF,50,117300,-32
799,Harry Sharp,BRI,DEF,50,117300,-32
803,Isiah Winder,WCE,DEF,50,117300,-32
807,Joshua Eyre,ESS,DEF,50,117300,-32
822,Blake Coleman,BRI,DEF,50,117200,-32
827,Nick Stevens,GEE,DEF,50,117200,-32
349,Nick Blakey,SYD,MID,64,318700,-33
352,Josh Caddy,RIC,MID,64,335100,-33
499,Sam Taylor,GWS,DEF,49,323400,-33
500,Brandon Zerk-Thatcher,ESS,DEF,49,255200,-33
548,Boyd Woodcock,POR,FWD,40,261100,-33
549,Matt Taberner,FRE,FWD,40,403000,-33
606,Will Phillips,NME,MID,64,198300,-33
607,Braeden Campbell,SYD,MID,64,189300,-33
610,Archie Perkins,ESS,MID,64,171300,-33
611,Tom Powell,NME,MID,64,153300,-33
365,Brayden Fiorini,GCS,MID,63,301700,-34
368,Adam Tomlinson,MEL,MID,63,324000,-34
428,Tom De Koning,CAR,RUC,57,305500,-34
550,Jack Petruccelle,WCE,FWD,39,217100,-34
374,Darcy Tucker,FRE,MID,62,347900,-35
379,Lachlan Sholl,ADE,MID,62,343200,-35
515,Changkuoth Jiath,HAW,DEF,47,266500,-35
516,Hayden Young,FRE,DEF,47,279400,-35
517,Jordan Clark,GEE,DEF,47,241800,-35
552,Irving Mosquito,ESS,FWD,38,264700,-35
385,Ed Richards,WBD,MID,61,309300,-36
390,Bailey Scott,NME,MID,61,332300,-36
392,Tom Cutler,ESS,MID,61,364700,-36
393,Brayden Sier,COL,MID,61,313800,-36
395,Sydney Stack,RIC,MID,61,277600,-36
637,Tom Campbell,NME,RUC,55,154700,-36
639,Kieran Strachan,ADE,RUC,55,146700,-36
648,Lloyd Meek,FRE,RUC,55,123900,-36
397,Charlie Constable,GEE,MID,60,266500,-37
400,Quinton Narkle,GEE,MID,60,310400,-37
449,Mabior Chol,RIC,RUC,54,327200,-37
528,Caleb Graham,GCS,DEF,45,284800,-37
529,Jack Payne,BRI,DEF,45,255100,-37
532,Ryan Gardner,WBD,DEF,45,232800,-37
554,Jack Silvagni,CAR,FWD,36,257400,-37
555,Tom J. Lynch,RIC,FWD,36,366700,-37
556,Tristan Xerri,NME,FWD,36,265900,-37
557,Josh Schache,WBD,FWD,36,214400,-37
623,Connor Downie,HAW,MID,60,117300,-37
831,Connor Menadue,NME,DEF,45,201500,-37
837,Flynn Perez,NME,DEF,45,193400,-37
838,Ryan Garthwaite,RIC,DEF,45,188000,-37
842,Tyson Goldsack,POR,DEF,45,182000,-37
845,Darragh Joyce,STK,DEF,45,177300,-37
848,Aiden Fyfe,GCS,DEF,45,102400,-37
850,Deividas Uosis,BRI,DEF,45,102400,-37
856,James Borlase,ADE,DEF,45,102400,-37
857,Joel Jeffrey,GCS,DEF,45,102400,-37
860,Luke Parks,CAR,DEF,45,102400,-37
861,Malachy Carruthers,SYD,DEF,45,102400,-37
864,Patrick Walker,NME,DEF,45,102400,-37
866,Rhys Nicholls,GCS,DEF,45,102400,-37
869,Will Shaw,GWS,DEF,45,102400,-37
412,Dylan Stephens,SYD,MID,59,337800,-38
457,Braydon Preuss,GWS,RUC,53,303000,-38
535,Jack Buckley,GWS,DEF,44,223800,-38
558,Harry Himmelberg,GWS,FWD,35,355300,-38
416,Connor Blakely,FRE,MID,58,295000,-39
542,Kaiden Brand,SYD,DEF,43,245000,-39
559,Callum L. Brown,COL,FWD,34,349600,-39
560,Lance Franklin,SYD,FWD,34,312000,-39
561,Josh J. Kennedy,WCE,FWD,34,346200,-39
562,Sean Lemmens,GCS,FWD,34,253400,-39
426,Lin Jong,WBD,MID,57,318100,-40
565,Cameron Ellis-Yolmen,BRI,FWD,33,337800,-40
566,Nick Hind,ESS,FWD,33,331000,-40
433,Jack Ross,RIC,MID,56,333100,-41
435,Tyler Brown,COL,MID,56,311000,-41
494,Paddy Ryder,STK,RUC,50,505900,-41
544,Aiden Bonar,NME,DEF,41,245400,-41
546,Will Hamill,ADE,DEF,41,210900,-41
660,Keegan Brooksby,HAW,RUC,50,206900,-41
680,Callum Coleman-Jones,RIC,RUC,50,161200,-41
702,Austin Bradtke,MEL,RUC,50,123900,-41
707,Bigoa Nyuon,RIC,RUC,50,123900,-41
712,Callum Jamieson,WCE,RUC,50,123900,-41
715,Charlie Comben,NME,RUC,50,123900,-41
735,Jordon Sweet,WBD,RUC,50,123900,-41
749,Matt Conroy,GCS,RUC,50,123900,-41
753,Max Lynch,COL,RUC,50,123900,-41
756,Ned Reeves,HAW,RUC,50,123900,-41
757,Nick Bryan,ESS,RUC,50,123900,-41
769,Sam Hayes,POR,RUC,50,123900,-41
801,Henry Smith,BRI,RUC,50,117300,-41
818,Samson Ryan,RIC,RUC,50,117300,-41
820,Shannon Neale,GEE,RUC,50,117300,-41
440,Dylan Clarke,ESS,MID,55,348600,-42
496,Archie Smith,BRI,RUC,49,217100,-42
569,Mitch Georgiades,POR,FWD,31,317000,-42
572,Jesse Hogan,GWS,FWD,31,310800,-42
624,Paddy Dow,CAR,MID,55,202400,-42
627,Lachie Young,NME,MID,55,202000,-42
628,Finn Maginness,HAW,MID,55,195600,-42
631,Patrick Naish,RIC,MID,55,180500,-42
641,Jeremy Sharp,GCS,MID,55,141800,-42
643,Cooper Stephens,GEE,MID,55,123900,-42
644,Dylan Williams,POR,MID,55,123900,-42
646,Ely Smith,BRI,MID,55,123900,-42
650,Nakia Cockatoo,BRI,MID,55,123900,-42
653,Riley Collier-Dawkins,RIC,MID,55,123900,-42
654,Ryan Byrnes,STK,MID,55,123900,-42
655,Stefan Giro,FRE,MID,55,123900,-42
446,Adam Kennedy,GWS,MID,54,300900,-43
574,Lachlan Schultz,FRE,FWD,30,298000,-43
830,Riley Thilthorpe,ADE,RUC,48,202800,-43
454,Mitchell Hinge,ADE,MID,53,328800,-44
456,Brayden Ham,ESS,MID,53,277800,-44
461,Will Brodie,GCS,MID,53,344900,-44
551,Connor Idun,GWS,DEF,38,214900,-44
553,Joel Smith,MEL,DEF,38,211100,-44
465,Laitham Vandermeer,WBD,MID,52,278900,-45
469,Roarke Smith,WBD,MID,52,281400,-45
471,Kane Farrell,POR,MID,52,309200,-45
478,Daniel Howe,HAW,MID,52,280500,-45
481,Will Walker,NME,MID,51,244500,-46
487,Oskar Baker,MEL,MID,51,290100,-46
488,Chayce Jones,ADE,MID,51,236800,-46
490,Levi Greenwood,COL,MID,51,276800,-46
832,Joel Amartey,SYD,RUC,45,195600,-46
847,Sam Alabakis,STK,RUC,45,123900,-46
863,Mate Colina,RIC,RUC,45,102400,-46
865,Paul Tsapatolis,GEE,RUC,45,102400,-46
577,Charlie Curnow,CAR,FWD,26,294600,-47
579,Sam Switkowski,FRE,FWD,26,279400,-47
663,Lewis Young,WBD,MID,50,198300,-47
670,Lochie O'Brien,CAR,MID,50,180500,-47
675,Zach Reid,ESS,MID,50,166800,-47
679,Luke Pedlar,ADE,MID,50,162300,-47
685,Tanner Bruhn,GWS,MID,50,157800,-47
687,Thomson Dow,RIC,MID,50,146100,-47
694,Tom Hutchesson,GWS,MID,50,135400,-47
696,Oliver Henry,COL,MID,50,135300,-47
698,Ryan Angwin,GWS,MID,50,130800,-47
700,Aaron Nietschke,MEL,MID,50,123900,-47
708,Brock Smith,BRI,MID,50,123900,-47
710,Brodie Kemp,CAR,MID,50,123900,-47
719,Francis Evans,GEE,MID,50,123900,-47
721,Harry Edwards,WCE,MID,50,123900,-47
724,Hugo Ralphsmith,RIC,MID,50,123900,-47
725,Jackson Mead,POR,MID,50,123900,-47
727,Jake Pasini,POR,MID,50,123900,-47
729,James Jordon,MEL,MID,50,123900,-47
733,Jay Rantall,COL,MID,50,123900,-47
736,Josh Honey,CAR,MID,50,123900,-47
742,Lachlan Johnson,ESS,MID,50,123900,-47
758,Nick Shipley,GWS,MID,50,123900,-47
760,Noah Cumberland,RIC,MID,50,123900,-47
764,Riley Garcia,WBD,MID,50,123900,-47
765,Ronin O'Connor,ADE,MID,50,123900,-47
770,Sam Ramsay,CAR,MID,50,123900,-47
773,Tom Hird,ESS,MID,50,123900,-47
774,Tom Joyce,BRI,MID,50,123900,-47
775,Tom Wilson,COL,MID,50,123900,-47
779,Trent Burgoyne,POR,MID,50,123900,-47
780,Will Martyn,RIC,MID,50,123900,-47
783,Max Holmes,GEE,MID,50,121800,-47
792,Charlie Lazzaro,NME,MID,50,117300,-47
794,Corey Durdin,CAR,MID,50,117300,-47
797,Errol Gulden,SYD,MID,50,117300,-47
800,Henry Smith,BRI,MID,50,117300,-47
802,Isiah Winder,WCE,MID,50,117300,-47
805,Joel Western,FRE,MID,50,117300,-47
809,Luke Edwards,WCE,MID,50,117300,-47
812,Nathan O'Driscoll,FRE,MID,50,117300,-47
816,Reef McInnes,COL,MID,50,117300,-47
817,Sam Berry,ADE,MID,50,117300,-47
826,Jack Carroll,CAR,MID,50,117200,-47
828,Alex Davies,GCS,MID,50,102400,-47
495,Jack Bytel,STK,MID,49,280500,-48
503,Jarrod Brander,WCE,MID,49,295500,-48
582,Willie Rioli,WCE,FWD,25,296600,-48
518,Jordan Clark,GEE,MID,47,241800,-50
519,Tom Sparrow,MEL,MID,47,337200,-50
585,Thomas Berry,BRI,FWD,23,235500,-50
587,Xavier O'Neill,WCE,FWD,23,233200,-50
526,Matthew Cottrell,CAR,MID,46,262200,-51
568,Marcus Adams,BRI,DEF,31,250400,-51
570,Kyle Hartigan,HAW,DEF,31,314300,-51
571,Jimmy Webster,STK,DEF,31,274000,-51
590,Zac Langdon,WCE,FWD,22,224900,-51
592,Kayne Turner,NME,FWD,22,260800,-51
530,Brayden Ainsworth,WCE,MID,45,253900,-52
833,Ben Cavarra,WBD,MID,45,194900,-52
836,Flynn Perez,NME,MID,45,193400,-52
841,Jamaine Jones,WCE,MID,45,182400,-52
849,Carter Michael,BRI,MID,45,102400,-52
851,Hawego Paul Oea,GCS,MID,45,102400,-52
852,Jack Ginnivan,COL,MID,45,102400,-52
855,Jack Saunders,HAW,MID,45,102400,-52
859,Lachlan McNeil,WBD,MID,45,102400,-52
867,Taj Schofield,POR,MID,45,102400,-52
868,Tariek Newchurch,ADE,MID,45,102400,-52
870,Zane Trew,WCE,MID,45,102400,-52
536,Jack Buckley,GWS,MID,44,223800,-53
594,Matt Buntine,GWS,FWD,20,225900,-53
580,Marty Hore,MEL,DEF,26,303600,-56
230,Ivan Soldo,RIC,RUC,34,403000,-57
547,Will Hayes,WBD,MID,40,249300,-57
583,Joel Hamling,FRE,DEF,25,271000,-57
588,Caleb Marchbank,CAR,DEF,23,275400,-59
589,Daniel McKenzie,STK,DEF,22,222300,-60
593,Jordan Murdoch,GCS,DEF,21,253000,-61
575,Tom Hickey,SYD,RUC,29,261100,-62
595,Matt Buntine,GWS,DEF,20,225900,-62
596,Alex Pearce,FRE,DEF,20,235600,-62
597,Patrick Ambrose,ESS,DEF,19,217800,-63
598,Jack Hombsch,GCS,DEF,19,230200,-63
563,Matt de Boer,GWS,MID,33,303700,-64
564,Cameron Ellis-Yolmen,BRI,MID,33,337800,-64
567,Xavier O'Halloran,GWS,MID,32,227500,-65
599,Chris Burgess,GCS,DEF,17,210000,-65
600,Sam J. Reid,GWS,DEF,16,297300,-66
573,Aaron vandenBerg,MEL,MID,30,301300,-67
584,Zac Smith,GCS,RUC,24,216000,-67
591,Nathan Vardy,WCE,RUC,22,228600,-69
576,Rory Atkins,GCS,MID,27,244200,-70
578,Willem Drew,POR,MID,26,310800,-71
581,Dom Tyson,NME,MID,25,243900,-72
601,Harrison Petty,MEL,FWD,1,228200,-72
603,Peter Wright,ESS,FWD,1,292300,-72
586,Xavier O'Neill,WCE,MID,23,233200,-74
602,Harrison Petty,MEL,DEF,1,228200,-81
