Name,Team,Position,Price,2020_Games,2020_Average,dollar_Per_Point
Max Gawn,MEL,RUC,"$751,400",14,139.9,5371
Lachie Neale,BRI,MID,"$721,800",17,134.4,5370.5
Jack Steele,STK,MID,"$658,000",17,122.5,5371.4
Clayton Oliver,MEL,MID,"$656,700",17,122.2,5374
Jake Lloyd,SYD,DEF,"$656,400",17,122.2,5371.5
Jack Macrae,WBD,MID,"$650,100",17,121,5372.7
Brodie Grundy,COL,RUC,"$648,200",17,120.6,5374.8
Christian Petracca,MEL,MID,"$631,400",17,117.5,5373.6
Marcus Bontempelli,WBD,MID,"$623,900",17,116.1,5373.8
Zach Merrett,ESS,MID,"$620,900",16,115.6,5371.1
Lachie Hunter,WBD,MID,"$618,500",9,115.1,5373.6
Josh Kelly,GWS,MID,"$615,600",14,114.6,5371.7
Patrick Dangerfield,GEE,MID/FWD,"$611,900",17,113.9,5372.3
Patrick Dangerfield,GEE,MID/FWD,"$611,900",17,113.9,5372.3
Tom Mitchell,HAW,MID,"$610,000",17,113.5,5374.4
Nat Fyfe,FRE,MID,"$608,300",14,113.2,5373.7
Jarryd Lyons,BRI,MID,"$604,600",17,112.5,5374.2
Todd Goldstein,NME,RUC,"$601,700",17,112,5372.3
Matt Crouch,ADE,MID,"$594,700",16,110.7,5372.2
Nic Naitanui,WCE,RUC,"$593,700",16,110.5,5372.9
Scott Pendlebury,COL,MID,"$592,200",13,110.2,5373.9
Travis Boak,POR,MID,"$590,400",17,109.9,5372.2
Taylor Adams,COL,MID,"$588,800",17,109.6,5372.3
Steele Sidebottom,COL,MID/FWD,"$588,000",9,109.4,5374.8
Steele Sidebottom,COL,MID/FWD,"$588,000",9,109.4,5374.8
Adam Treloar,WBD,MID,"$587,600",8,109.4,5371.1
Sam Menegola,GEE,MID,"$579,000",17,107.8,5371.1
Luke Ryan,FRE,DEF,"$576,500",17,107.3,5372.8
Tom Rockliff,POR,MID,"$573,000",14,106.6,5375.2
Luke Parker,SYD,MID,"$571,100",17,106.3,5372.5
Andrew Gaff,WCE,MID,"$570,800",17,106.2,5374.8
Reilly O'Brien,ADE,RUC,"$570,800",17,106.2,5374.8
Tom Liberatore,WBD,MID,"$569,900",15,106.1,5371.3
Touk Miller,GCS,MID,"$569,200",17,105.9,5374.9
Tom Hawkins,GEE,FWD,"$568,600",17,105.8,5374.3
Hugh Greenwood,GCS,MID,"$567,300",17,105.6,5372.2
Rory Laird,ADE,DEF/MID,"$564,800",17,105.1,5373.9
Rory Laird,ADE,DEF / MID,"$564,800",17,105.1,5373.9
Jed Anderson,NME,MID,"$562,300",15,104.7,5370.6
Lachie Whitfield,GWS,DEF,"$561,600",17,104.5,5374.2
Ollie Wines,POR,MID,"$560,600",15,104.3,5374.9
Josh Dunkley,WBD,MID/FWD,"$560,200",11,104.3,5371
Josh Dunkley,WBD,MID/FWD,"$560,200",11,104.3,5371
Rowan Marshall,STK,RUC/FWD,"$557,200",17,103.7,5373.2
Rowan Marshall,STK,RUC/FWD,"$557,200",17,103.7,5373.2
Mitch Duncan,GEE,MID,"$556,700",16,103.6,5373.6
Cameron Guthrie,GEE,MID,"$554,700",17,103.2,5375
James Sicily,HAW,DEF,"$552,900",11,102.9,5373.2
Rhys Stanley,GEE,RUC,"$551,900",7,102.7,5373.9
Tim English,WBD,RUC,"$551,200",17,102.6,5372.3
Brayden Maynard,COL,DEF,"$549,900",17,102.4,5370.1
Dylan Shiel,ESS,MID,"$548,000",15,102,5372.5
Jordan Ridley,ESS,DEF,"$547,700",17,101.9,5374.9
Hugh McCluggage,BRI,MID,"$545,500",17,101.5,5374.4
Caleb Daniel,WBD,DEF,"$545,500",17,101.5,5374.4
Callum Mills,SYD,DEF,"$544,800",15,101.4,5372.8
Andrew Brayshaw,FRE,MID,"$544,200",17,101.3,5372.2
Trent Dumont,NME,MID,"$543,300",17,101.2,5368.6
Sam Walsh,CAR,MID,"$543,300",17,101.1,5373.9
Dustin Martin,RIC,MID/FWD,"$541,600",16,100.8,5373
Dustin Martin,RIC,MID/FWD,"$541,600",16,100.8,5373
Tom Stewart,GEE,DEF,"$538,000",14,100.1,5374.6
Jack Viney,MEL,MID,"$534,900",16,99.6,5370.5
Jack Crisp,COL,DEF,"$533,200",17,99.2,5375
Mark Blicavs,GEE,DEF/MID,"$531,600",17,98.9,5375.1
Mark Blicavs,GEE,DEF / MID,"$531,600",17,98.9,5375.1
Michael Walters,FRE,MID/FWD,"$531,100",14,98.9,5370.1
Michael Walters,FRE,MID/FWD,"$531,100",14,98.9,5370.1
Stephen Coniglio,GWS,MID,"$528,900",16,98.4,5375
Nick Haynes,GWS,DEF,"$528,400",17,98.4,5369.9
Adam Saad,CAR,DEF,"$526,200",17,97.9,5374.9
Dayne Zorko,BRI,MID/FWD,"$525,800",15,97.9,5370.8
Dayne Zorko,BRI,MID/FWD,"$525,800",15,97.9,5370.8
Patrick Cripps,CAR,MID,"$523,700",17,97.5,5371.3
Jarrod Berry,BRI,MID,"$521,500",15,97.1,5370.8
Scott Lycett,POR,RUC,"$520,700",13,96.9,5373.6
Jayden Short,RIC,DEF,"$519,300",17,96.6,5375.8
Jeremy Howe,COL,DEF,"$517,900",4,120.5,4297.9
Tim Kelly,WCE,MID,"$517,400",17,96.3,5372.8
Jack Billings,STK,MID,"$514,800",17,95.8,5373.7
Josh P. Kennedy,SYD,MID,"$513,500",12,95.6,5371.3
Luke McDonald,NME,DEF,"$512,900",17,95.5,5370.7
Ed Curnow,CAR,MID,"$512,600",17,95.4,5373.2
Shaun Higgins,GEE,MID,"$510,400",17,95,5372.6
Andrew McGrath,ESS,MID,"$510,000",14,94.9,5374.1
Luke Shuey,WCE,MID,"$508,600",12,94.7,5370.6
Steven May,MEL,DEF,"$507,900",17,94.5,5374.6
Paddy Ryder,STK,RUC,"$505,900",13,94.2,5370.5
Harry Perryman,GWS,MID,"$505,000",16,94,5372.3
David Mundy,FRE,MID,"$502,000",16,93.4,5374.7
Jarrod Witts,GCS,RUC,"$501,600",17,93.4,5370.4
Jy Simpkin,NME,MID,"$499,700",17,93,5373.1
Charlie Dixon,POR,FWD,"$498,700",16,92.8,5373.9
Sam Docherty,CAR,DEF,"$496,000",16,92.3,5373.8
Matt Rowell,GCS,MID,"$495,100",5,102.4,4835
Zak Jones,STK,MID,"$494,700",14,92.1,5371.3
Bailey Smith,WBD,MID,"$494,600",17,92.1,5370.2
Brad Sheppard,WCE,DEF,"$492,700",17,91.7,5373
Dane Rampe,SYD,DEF,"$492,300",11,91.6,5374.5
Robbie Gray,POR,FWD,"$491,100",17,91.4,5373.1
Dan Houston,POR,DEF,"$489,300",15,91.1,5371
Jacob Hopper,GWS,MID,"$488,600",17,90.9,5375.1
Jaeger O'Meara,HAW,MID,"$488,000",12,90.8,5374.4
Ed Langdon,MEL,MID,"$487,300",17,90.7,5372.7
Jordan Dawson,SYD,DEF,"$485,700",16,85.4,5687.4
Adam Cerra,FRE,MID,"$484,800",17,90.2,5374.7
Nick Vlastuin,RIC,DEF,"$483,500",16,90,5372.2
Daniel Rich,BRI,DEF,"$483,100",13,89.9,5373.7
Elliot Yeo,WCE,MID,"$483,000",10,89.9,5372.6
Will Setterfield,CAR,MID,"$481,900",16,89.7,5372.4
Dom Sheed,WCE,MID,"$478,500",16,89.1,5370.4
Jared Polec,NME,MID,"$477,800",13,88.9,5374.6
Shannon Hurn,WCE,DEF,"$477,800",16,88.9,5374.6
James Worpel,HAW,MID,"$474,200",15,88.3,5370.3
Rory Sloane,ADE,MID,"$471,900",12,87.8,5374.7
Zak Butters,POR,FWD,"$471,400",15,87.7,5375.1
Harris Andrews,BRI,DEF,"$469,700",14,87.4,5374.1
Christian Salem,MEL,DEF,"$469,100",16,87.3,5373.4
Darcy Parish,ESS,MID,"$465,800",17,86.7,5372.5
Bachar Houli,RIC,DEF,"$465,600",9,86.7,5370.2
Robbie Tarrant,NME,DEF,"$463,100",16,86.2,5372.4
Shai Bolton,RIC,MID/FWD,"$462,400",15,86.1,5370.5
Shai Bolton,RIC,MID/FWD,"$462,400",15,86.1,5370.5
Jeremy McGovern,WCE,DEF,"$462,100",11,86,5373.3
Peter Ladhams,POR,RUC/FWD,"$460,000",8,85.6,5373.8
Peter Ladhams,POR,RUC/FWD,"$460,000",8,85.6,5373.8
Zac Williams,CAR,DEF,"$458,600",11,85.4,5370
Devon Smith,ESS,MID,"$458,000",16,85.2,5375.6
Tom Doedee,ADE,DEF,"$457,900",9,85.2,5374.4
Alex Witherden,WCE,DEF,"$456,100",6,94.3,4836.7
Ben McEvoy,HAW,DEF/RUC,"$456,000",16,84.9,5371
Ben McEvoy,HAW,DEF / RUC,"$456,000",16,84.9,5371
Brandan Parfitt,GEE,MID,"$455,100",14,84.7,5373.1
Isaac Heeney,SYD,FWD,"$454,500",6,94,4835.1
Tim Taranto,GWS,MID,"$453,700",11,84.5,5369.2
Blake Acres,FRE,MID,"$453,600",7,84.4,5374.4
Bailey Williams,WBD,DEF,"$452,600",17,84.2,5375.3
Chad Wingard,HAW,FWD,"$452,300",17,84.2,5371.7
Jack Bowes,GCS,DEF,"$451,300",17,84,5372.6
Brandon Ellis,GCS,MID,"$450,600",16,83.9,5370.7
Brad Crouch,STK,MID,"$448,600",12,83.5,5372.5
Liam Duggan,WCE,DEF,"$448,600",16,83.5,5372.5
Toby Greene,GWS,FWD,"$448,400",13,83.5,5370.1
Jason Johannisen,WBD,DEF,"$448,300",16,83.4,5375.3
Tom Barrass,WCE,DEF,"$447,200",17,83.2,5375
Dion Prestia,RIC,MID,"$446,800",5,92.4,4835.5
Jack Graham,RIC,MID,"$446,400",12,83.1,5371.8
Jack Martin,CAR,FWD,"$446,300",15,83.1,5370.6
Kane Lambert,RIC,FWD,"$445,900",16,83,5372.3
Joel Selwood,GEE,MID,"$445,000",11,82.8,5374.4
Marc Murphy,CAR,MID,"$444,700",17,82.8,5370.8
Trent Cotchin,RIC,MID,"$443,500",13,82.5,5375.8
Oscar McInerney,BRI,RUC,"$443,400",17,82.5,5374.5
Toby Nankervis,RIC,RUC,"$442,900",7,82.4,5375
Josh Daicos,COL,MID,"$442,200",16,82.3,5373
Darcy Byrne-Jones,POR,DEF,"$441,800",17,82.2,5374.7
Ben Cunnington,NME,MID,"$439,800",3,102.3,4299.1
Hunter Clark,STK,DEF,"$438,900",16,81.7,5372.1
David Swallow,GCS,MID,"$438,400",15,81.6,5372.5
Brodie Smith,ADE,DEF/MID,"$438,200",16,81.6,5370.1
Jack Gunston,HAW,FWD,"$438,200",16,81.6,5370.1
Brodie Smith,ADE,DEF / MID,"$438,200",16,81.6,5370.1
Jade Gresham,STK,MID,"$438,100",11,81.5,5375.5
Matthew Kennedy,CAR,MID/FWD,"$437,500",7,81.4,5374.7
Matthew Kennedy,CAR,MID/FWD,"$437,500",7,81.4,5374.7
Kyle Langford,ESS,MID/FWD,"$436,900",16,81.3,5373.9
Kyle Langford,ESS,MID/FWD,"$436,900",16,81.3,5373.9
Lachie Weller,GCS,MID,"$436,500",17,81.2,5375.6
Ben Keays,ADE,MID,"$436,200",16,81.2,5371.9
Caleb Serong,FRE,MID,"$435,600",14,81.1,5371.1
Angus Brayshaw,MEL,MID,"$435,200",14,81,5372.8
Jordan De Goey,COL,FWD,"$435,200",8,81,5372.8
Jack Darling,WCE,FWD,"$434,900",17,80.9,5375.8
Brennan Cox,FRE,DEF,"$433,500",13,80.7,5371.7
Luke Davies-Uniacke,NME,MID,"$432,800",9,80.6,5369.7
Karl Amon,POR,MID,"$431,400",17,80.3,5372.4
Michael Hurley,ESS,DEF,"$431,400",14,80.3,5372.4
Jack Lukosius,GCS,DEF,"$430,800",17,80.2,5371.6
Darcy Moore,COL,DEF,"$430,200",16,80.1,5370.8
Paul Seedsman,ADE,MID,"$429,800",9,80,5372.5
Patrick Lipinski,WBD,MID,"$429,800",12,80,5372.5
Tom Papley,SYD,FWD,"$428,600",17,79.8,5370.9
Luke Breust,HAW,FWD,"$428,100",13,81.5,5252.8
Jack Sinclair,STK,MID,"$426,600",10,79.4,5372.8
Nick Coffield,STK,DEF,"$426,500",16,79.4,5371.5
Sam Collins,GCS,DEF,"$422,500",17,78.6,5375.3
Oscar Allen,WCE,FWD,"$422,100",14,78.6,5370.2
Hamish Hartlett,POR,DEF,"$421,900",17,78.5,5374.5
Marc Pittonet,CAR,RUC,"$421,500",13,78.5,5369.4
Shane Mumford,GWS,RUC,"$420,700",10,78.3,5372.9
Zac Bailey,BRI,MID/FWD,"$420,300",17,78.2,5374.7
Zac Bailey,BRI,MID/FWD,"$420,300",17,78.2,5374.7
Liam Shiels,HAW,MID,"$420,100",16,78.2,5372.1
Sean Darcy,FRE,RUC,"$420,100",15,78.2,5372.1
Jack Higgins,STK,FWD,"$419,600",10,78.1,5372.6
Jake Lever,MEL,DEF,"$419,400",17,78.1,5370
Liam Baker,RIC,DEF,"$419,100",16,78,5373.1
Mitch Robinson,BRI,MID,"$418,800",17,77.9,5376.1
Sebastian Ross,STK,MID,"$417,900",14,77.8,5371.5
Dan Butler,STK,FWD,"$416,900",17,77.7,5365.5
Shane Edwards,RIC,MID,"$416,700",6,86.2,4834.1
Nic Newman,CAR,DEF,"$415,400",2,23.5,17676.6
Rory Lobb,FRE,RUC/FWD,"$415,000",17,77.2,5375.6
Rory Lobb,FRE,RUC/FWD,"$415,000",17,77.2,5375.6
Callum Sinclair,SYD,RUC,"$414,100",13,77.1,5370.9
James Cousins,HAW,MID,"$412,600",6,85.3,4837
Noah Anderson,GCS,MID,"$411,500",17,76.6,5372.1
Jacob Weitering,CAR,DEF,"$410,400",17,74.7,5494
Harry Cunningham,SYD,DEF,"$410,400",17,74.7,5494
Callan Ward,GWS,MID,"$409,900",7,76.3,5372.2
Liam Ryan,WCE,FWD,"$409,600",17,76.2,5375.3
Hayden Crozier,WBD,DEF,"$409,100",14,76.1,5375.8
Callum Wilkie,STK,DEF,"$409,000",17,76.1,5374.5
Oliver Florent,SYD,MID,"$408,300",17,76,5372.4
Tom Lynch,ADE,FWD,"$407,900",13,75.9,5374.2
Ryan Clarke,SYD,MID,"$407,800",10,75.9,5372.9
Ben Ainsworth,GCS,FWD,"$406,300",16,75.6,5374.3
James Rowbottom,SYD,MID,"$405,600",16,75.5,5372.2
Isaac Quaynor,COL,DEF,"$405,300",9,75.4,5375.3
Zach Tuohy,GEE,MID,"$405,100",15,75.4,5372.7
James Aish,FRE,MID,"$404,600",16,75.3,5373.2
Sam Powell-Pepper,POR,MID/FWD,"$404,500",17,75.3,5371.8
Sam Powell-Pepper,POR,MID/FWD,"$404,500",17,75.3,5371.8
Shaun Atley,NME,DEF,"$404,200",17,75.2,5375
Ivan Soldo,RIC,RUC,"$403,000",14,75,5373.3
Matt Taberner,FRE,FWD,"$403,000",16,75,5373.3
Tom Phillips,HAW,MID/FWD,"$402,600",15,74.9,5375.2
Tom Phillips,HAW,MID/FWD,"$402,600",15,74.9,5375.2
Jack Newnes,CAR,MID/FWD,"$401,700",17,74.8,5370.3
Jack Newnes,CAR,MID/FWD,"$401,700",17,74.8,5370.3
Michael Gibbons,CAR,FWD,"$401,500",15,74.7,5374.8
Sam Petrevski-Seton,CAR,DEF,"$401,400",16,74.7,5373.5
David Astbury,RIC,DEF,"$400,400",5,82.8,4835.7
Jack Scrimshaw,HAW,DEF,"$399,600",13,74.4,5371
Xavier Duursma,POR,MID,"$398,400",13,74.2,5369.3
Isaac Smith,GEE,MID/FWD,"$397,600",10,74,5373
Isaac Smith,GEE,MID/FWD,"$397,600",10,74,5373
Jackson Nelson,WCE,DEF,"$397,600",14,74,5373
Luke Dunstan,STK,MID,"$395,400",1,92,4297.8
Charlie Cameron,BRI,FWD,"$395,400",17,73.6,5372.3
Nathan Wilson,FRE,DEF,"$395,100",15,73.5,5375.5
Zac Fisher,CAR,FWD,"$394,200",8,73.4,5370.6
David Mackay,ADE,DEF,"$393,300",10,73.2,5373
John Noble,COL,DEF,"$393,300",15,73.2,5373
Cameron Rayner,BRI,FWD,"$392,900",15,73.1,5374.8
Gary Rohan,GEE,FWD,"$392,200",15,73,5372.6
Aaron Hall,NME,FWD,"$392,200",15,73,5372.6
Eric Hipwood,BRI,FWD,"$391,300",17,72.8,5375
Darcy Fort,GEE,RUC,"$390,700",5,80.8,4835.4
Damon Greaves,HAW,DEF,"$389,700",3,90.7,4296.6
Trent McKenzie,POR,DEF,"$388,300",15,72.3,5370.7
Brett Bewley,FRE,MID/FWD,"$388,200",12,72.2,5376.7
Brett Bewley,FRE,MID/FWD,"$388,200",12,72.2,5376.7
Jonathon Ceglar,HAW,RUC,"$388,100",13,72.2,5375.3
Jeremy Cameron,GEE,FWD,"$388,100",17,72.2,5375.3
Liam Jones,CAR,DEF,"$387,500",17,72.1,5374.5
Gryan Miers,GEE,FWD,"$387,100",17,72.1,5368.9
Marlion Pickett,RIC,MID,"$386,500",15,71.9,5375.5
Robbie Fox,SYD,DEF,"$385,700",14,71.8,5371.9
Justin McInerney,SYD,MID,"$384,400",9,71.6,5368.7
Will Day,HAW,DEF,"$384,400",11,71.5,5376.2
Ben Long,STK,DEF,"$384,100",14,71.5,5372
Dylan Grimes,RIC,DEF,"$382,800",16,71.2,5376.4
Ethan Hughes,FRE,DEF,"$381,800",17,71.1,5369.9
Kamdyn McIntosh,RIC,MID,"$381,500",14,71,5373.2
Aidan Corr,NME,DEF,"$381,100",15,70.9,5375.2
Mark O'Connor,GEE,DEF,"$380,800",17,70.9,5370.9
Jack Madgen,COL,DEF,"$380,500",11,70.8,5374.3
Ryan Lester,BRI,DEF,"$380,200",13,70.8,5370.1
Mitch Wallis,WBD,FWD,"$379,900",17,70.7,5373.4
Shaun Burgoyne,HAW,FWD,"$378,600",13,70.5,5370.2
Sam Draper,ESS,RUC,"$378,100",8,70.4,5370.7
Michael Hibberd,MEL,DEF,"$378,000",14,70.4,5369.3
Jack Redden,WCE,MID,"$377,900",12,70.3,5375.5
Lachie Henderson,GEE,DEF,"$377,700",10,70.3,5372.7
Todd Marshall,POR,FWD,"$377,400",12,70.2,5376.1
Connor Rozee,POR,FWD,"$377,200",14,70.2,5373.2
Sam Naismith,SYD,RUC,"$376,100",2,100,3761
Grant Birchall,BRI,DEF,"$375,300",14,69.9,5369.1
Luke Dahlhaus,GEE,FWD,"$375,200",12,69.8,5375.4
George Hewett,SYD,MID,"$374,700",6,77.5,4834.8
Jamie Cripps,WCE,FWD,"$373,600",13,69.5,5375.5
Tom Jonas,POR,DEF,"$373,600",17,69.5,5375.5
Noah Balta,RIC,DEF,"$373,600",13,69.5,5375.5
Chris Mayne,COL,MID,"$373,400",12,69.5,5372.7
Blake Hardwick,HAW,DEF,"$373,100",16,69.4,5376.1
Lachlan Keeffe,GWS,DEF,"$372,800",13,69.4,5371.8
Cale Hooker,ESS,DEF,"$372,700",8,69.4,5370.3
Jake Carlisle,STK,DEF,"$372,500",12,69.3,5375.2
Izak Rankine,GCS,FWD,"$371,600",12,69.2,5369.9
Anthony McDonald-Tipungwuti,ESS,FWD,"$370,400",17,68.9,5375.9
Reece Conca,FRE,DEF,"$370,300",14,68.9,5374.5
Esava Ratugolea,GEE,RUC/FWD,"$369,400",12,68.8,5369.2
Esava Ratugolea,GEE,RUC/FWD,"$369,400",12,68.8,5369.2
Will Snelling,ESS,FWD,"$368,500",17,68.6,5371.7
Andrew McPherson,ADE,DEF,"$368,300",9,68.6,5368.8
Tom J. Lynch,RIC,FWD,"$366,700",16,68.3,5369
Toby McLean,WBD,FWD,"$366,700",12,68.2,5376.8
Brody Mihocek,COL,FWD,"$366,000",16,68.1,5374.4
Rhys Mathieson,BRI,MID/FWD,"$365,800",1,97,3771.1
Rhys Mathieson,BRI,MID/FWD,"$364,800",1,97,3760.8
Tom Cutler,ESS,MID,"$364,700",8,67.9,5371.1
Tom Cole,WCE,DEF,"$364,600",14,67.9,5369.7
Tim Membrey,STK,FWD,"$363,700",16,67.7,5372.2
Luke Brown,ADE,DEF,"$363,400",17,67.6,5375.7
Josh Battle,STK,MID/FWD,"$362,900",13,67.5,5376.3
Josh Battle,STK,MID/FWD,"$362,900",13,67.5,5376.3
Darcy Gardiner,BRI,DEF,"$362,800",17,67.5,5374.8
Jamie Elliott,COL,MID/FWD,"$362,700",16,67.5,5373.3
Jamie Elliott,COL,MID/FWD,"$362,700",16,67.5,5373.3
Bayley Fritsch,MEL,FWD,"$359,300",16,66.9,5370.7
Wil Powell,GCS,DEF,"$358,900",15,66.8,5372.8
Harry Morrison,HAW,DEF/MID,"$358,500",11,66.7,5374.8
Harry Morrison,HAW,DEF / MID,"$358,500",11,66.7,5374.8
Elliott Himmelberg,ADE,FWD,"$358,000",11,66.6,5375.4
Brent Daniels,GWS,FWD,"$356,600",16,66.4,5370.5
Harry Himmelberg,GWS,FWD,"$355,300",16,66.1,5375.2
Dougal Howard,STK,DEF,"$355,200",17,66.1,5373.7
Lachie Plowman,CAR,DEF,"$354,900",16,66.1,5369.1
Shane McAdam,ADE,FWD,"$354,600",13,66,5372.7
Lincoln McCarthy,BRI,FWD,"$354,600",15,66,5372.7
Daniel Talia,ADE,DEF,"$354,600",14,66,5372.7
Taylin Duman,FRE,DEF,"$354,600",15,66,5372.7
Jaidyn Stephenson,NME,FWD,"$354,100",12,65.9,5373.3
Bradley Hill,STK,MID,"$354,000",17,65.9,5371.8
Callum Ah Chee,BRI,DEF,"$353,300",16,65.8,5369.3
Andrew Phillips,ESS,RUC,"$353,000",5,73,4835.6
Tom Green,GWS,MID,"$351,400",6,72.7,4833.6
David Zaharakis,ESS,FWD,"$351,400",10,65.4,5373.1
Jack Lonie,STK,FWD,"$351,200",11,65.4,5370
Sam Simpson,GEE,FWD,"$350,600",6,72.5,4835.9
Trent Rivers,MEL,DEF,"$350,400",9,65.2,5374.2
Levi Casboult,CAR,FWD,"$349,900",17,65.1,5374.8
Callum L. Brown,COL,FWD,"$349,600",14,65.1,5370.2
Nathan Broad,RIC,DEF,"$349,200",13,65,5372.3
Jye Caldwell,ESS,MID/FWD,"$348,600",9,64.9,5371.3
Dylan Clarke,ESS,MID/FWD,"$348,600",8,64.9,5371.3
Jye Caldwell,ESS,MID/FWD,"$348,600",9,64.9,5371.3
Dylan Clarke,ESS,MID/FWD,"$348,600",8,64.9,5371.3
Darcy Tucker,FRE,MID,"$347,900",8,64.8,5368.8
Jeremy Finlayson,GWS,FWD,"$346,700",15,64.5,5375.2
Josh J. Kennedy,WCE,FWD,"$346,200",16,64.4,5375.8
Will Brodie,GCS,MID/FWD,"$344,900",1,36,9580.6
Will Brodie,GCS,MID/FWD,"$344,900",1,36,9580.6
James Harmes,MEL,DEF,"$344,700",13,64.2,5369.2
Jack Riewoldt,RIC,FWD,"$344,500",17,64.1,5374.4
Ben Paton,STK,DEF,"$344,200",17,64.1,5369.7
Lachlan Sholl,ADE,DEF/MID,"$343,200",8,63.9,5370.9
Lachlan Sholl,ADE,DEF / MID,"$343,200",8,63.9,5370.9
Sam Mayes,POR,DEF,"$342,500",6,70.8,4837.6
Taylor Duryea,WBD,DEF/FWD,"$342,200",2,91,3760.4
Taylor Duryea,WBD,DEF / FWD,"$342,200",2,91,3760.4
Jed Bews,GEE,DEF,"$341,800",16,63.6,5374.2
Daniel Rioli,RIC,FWD,"$341,500",14,63.6,5369.5
Jason Castagna,RIC,FWD,"$341,000",17,63.5,5370.1
David Cuningham,CAR,FWD,"$340,700",12,63.4,5373.8
Griffin Logue,FRE,DEF,"$339,400",5,70.2,4834.8
Dan Hannebery,STK,MID,"$338,500",6,70,4835.7
Stephen Hill,FRE,DEF,"$338,000",12,62.9,5373.6
Cameron Ellis-Yolmen,BRI,MID/FWD,"$337,800",8,62.9,5370.4
Dylan Stephens,SYD,MID,"$337,800",8,62.9,5370.4
Cameron Ellis-Yolmen,BRI,MID/FWD,"$337,800",8,62.9,5370.4
Cameron Zurhaar,NME,FWD,"$337,800",16,62.9,5370.4
Will Hoskin-Elliott,COL,FWD,"$337,500",16,62.8,5374.2
Tom Sparrow,MEL,MID,"$337,200",5,62.8,5369.4
Jake Riccardi,GWS,FWD,"$336,500",5,69.6,4834.8
Tom Clurey,POR,DEF,"$335,500",16,62.4,5376.6
Dean Kent,STK,FWD,"$335,200",13,62.4,5371.8
Josh Caddy,RIC,MID,"$335,100",8,62.4,5370.2
Daniel McStay,BRI,FWD,"$333,800",15,62.1,5375.2
Ben McKay,NME,DEF,"$333,600",11,62.1,5372
Jack Ross,RIC,MID,"$333,100",7,62,5372.6
Bailey Scott,NME,MID/FWD,"$332,300",13,61.8,5377
Bailey Scott,NME,MID/FWD,"$332,300",13,61.8,5377
Josh Rotham,WCE,DEF,"$331,500",10,61.7,5372.8
Nick Hind,ESS,FWD,"$331,000",10,61.6,5373.4
Daniel Lloyd,GWS,FWD,"$330,900",12,61.6,5371.8
Mason Redman,ESS,DEF,"$330,200",13,61.5,5369.1
Jake Kolodjashnij,GEE,DEF,"$330,200",13,61.5,5369.1
Alex Sexton,GCS,FWD,"$330,000",14,61.4,5374.6
Aaron Naughton,WBD,FWD,"$329,700",11,61.4,5369.7
Josh Walker,NME,DEF,"$329,600",17,61.4,5368.1
Jake Aarts,RIC,FWD,"$329,400",13,61.3,5373.6
Mitchell Hinge,ADE,MID,"$328,800",1,102,3223.5
Lachlan Murphy,ADE,FWD,"$328,600",12,61.2,5369.3
Nick Holman,GCS,FWD,"$328,600",12,61.2,5369.3
Sam Reid,SYD,FWD,"$328,300",10,61.1,5373.2
Max King,STK,FWD,"$327,400",16,60.9,5376
Mabior Chol,RIC,RUC/FWD,"$327,200",10,60.9,5372.7
Mabior Chol,RIC,RUC/FWD,"$327,200",10,60.9,5372.7
Will Hayward,SYD,FWD,"$327,100",16,60.9,5371.1
Jack Henry,GEE,DEF,"$325,500",17,60.6,5371.3
Lewis Melican,SYD,DEF,"$324,700",9,60.4,5375.8
Matt Guelfi,ESS,DEF,"$324,300",11,60.4,5369.2
Adam Tomlinson,MEL,DEF/MID,"$324,000",13,60.3,5373.1
Adam Tomlinson,MEL,DEF / MID,"$324,000",13,60.3,5373.1
Alex Keath,WBD,DEF,"$323,900",17,60.3,5371.5
Jake Waterman,WCE,FWD,"$323,600",9,60.2,5375.4
Josh Jenkins,GEE,RUC/FWD,"$323,400",1,86,3760.5
Josh Jenkins,GEE,RUC/FWD,"$323,400",1,86,3760.5
Sam Taylor,GWS,DEF,"$323,400",4,67,4826.9
Tom McDonald,MEL,FWD,"$323,000",9,60.1,5374.4
Aliir Aliir,POR,DEF,"$321,200",14,59.8,5371.2
Lachie Ash,GWS,DEF,"$320,600",12,59.7,5370.2
Jarryn Geary,STK,DEF,"$320,400",14,59.6,5375.8
Aaron Francis,ESS,DEF,"$320,300",8,59.6,5374.2
Harry McKay,CAR,FWD,"$319,900",13,59.5,5376.5
Dyson Heppell,ESS,MID,"$319,100",3,66,4834.8
Lachie Fogarty,CAR,FWD,"$319,100",6,66,4834.8
Ryan Burton,POR,DEF,"$318,800",6,59.3,5376.1
Nick Blakey,SYD,MID/FWD,"$318,700",16,59.3,5374.4
Nick Blakey,SYD,MID/FWD,"$318,700",16,59.3,5374.4
Riley Bonner,POR,DEF,"$318,200",9,59.2,5375
Lin Jong,WBD,MID/FWD,"$318,100",3,74,4298.6
Lin Jong,WBD,MID/FWD,"$318,100",3,74,4298.6
Michael Hartley,HAW,DEF,"$317,800",2,84.5,3760.9
Mitch Georgiades,POR,FWD,"$317,000",7,59,5372.9
Hayden McLean,SYD,FWD,"$317,000",6,59,5372.9
Sam Wicks,SYD,FWD,"$316,200",7,58.9,5368.4
Curtis Taylor,NME,FWD,"$315,800",9,58.8,5370.7
Harry Schoenberg,ADE,FWD,"$315,600",8,58.8,5367.3
Oleg Markov,GCS,DEF,"$314,300",6,65,4835.4
Kyle Hartigan,HAW,DEF,"$314,300",12,58.5,5372.6
Brayden Sier,COL,MID,"$313,800",3,73,4298.6
Zaine Cordy,WBD,DEF,"$313,700",13,58.4,5371.6
Tom Williamson,CAR,DEF,"$313,400",15,58.3,5375.6
Tom McCartin,SYD,FWD,"$312,800",14,58.2,5374.6
Luke Jackson,MEL,FWD,"$312,500",6,58.2,5369.4
Mason Cox,COL,FWD,"$312,200",9,58.1,5373.5
Wayne Milera,ADE,DEF,"$312,200",2,83,3761.4
Lance Franklin,SYD,FWD,"$312,000",0,0,0
Jordan Roughead,COL,DEF,"$311,300",15,57.9,5376.5
Tyler Brown,COL,MID,"$311,000",9,57.9,5371.3
Willem Drew,POR,MID,"$310,800",0,0,0
Jesse Hogan,GWS,FWD,"$310,800",7,57.9,5367.9
Quinton Narkle,GEE,MID,"$310,400",5,64.2,4834.9
Jackson Hately,ADE,MID,"$310,300",6,64.2,4833.3
Brendon Ah Chee,WCE,FWD,"$310,200",15,57.7,5376.1
Alex Neal-Bullen,MEL,FWD,"$310,100",7,57.7,5374.4
Jake Kelly,ADE,DEF,"$309,800",15,57.7,5369.2
Ed Richards,WBD,MID/FWD,"$309,300",16,57.6,5369.8
Ed Richards,WBD,MID/FWD,"$309,300",16,57.6,5369.8
Kane Farrell,POR,MID/FWD,"$309,200",11,57.5,5377.4
Kane Farrell,POR,MID/FWD,"$309,200",11,57.5,5377.4
Jarrod Harbrow,GCS,DEF,"$309,100",13,57.5,5375.7
Eddie Betts,CAR,FWD,"$308,800",15,57.5,5370.4
Steven Motlop,POR,FWD,"$308,500",12,57.4,5374.6
Jayden Laverde,ESS,FWD,"$308,000",6,57.3,5375.2
Charlie Ballard,GCS,DEF,"$307,600",16,57.2,5377.6
Brandon Starcevich,BRI,DEF,"$307,300",16,57.2,5372.4
Darcy MacPherson,GCS,FWD,"$306,700",12,57.1,5371.3
Josh Thomas,COL,FWD,"$305,800",12,56.9,5374.3
Tom De Koning,CAR,RUC,"$305,500",7,56.9,5369.1
Tyson Stengle,ADE,FWD,"$305,300",12,56.8,5375
Sam Frost,HAW,DEF,"$304,900",16,56.8,5368
Noah Answerth,BRI,DEF,"$304,500",9,56.7,5370.4
Sam Weideman,MEL,FWD,"$303,800",13,56.5,5377
Matt de Boer,GWS,MID,"$303,700",13,62.8,4836
Tobe Watson,FRE,DEF,"$303,700",3,70.7,4295.6
Marty Hore,MEL,DEF,"$303,600",0,0,0
Braydon Preuss,GWS,RUC,"$303,000",3,62.7,4832.5
Darcy Cameron,COL,FWD,"$302,900",8,56.4,5370.6
Dylan Moore,HAW,FWD,"$302,300",3,70.3,4300.1
Brayden Fiorini,GCS,MID,"$301,700",5,62.4,4834.9
Aaron vandenBerg,MEL,MID,"$301,300",12,56.1,5370.8
Adam Kennedy,GWS,MID,"$300,900",6,56,5373.2
Keidean Coleman,BRI,FWD,"$299,800",4,62,4835.5
Ben King,GCS,FWD,"$298,700",17,55.6,5372.3
Bailey Dale,WBD,FWD,"$298,500",9,55.6,5368.7
Sam Day,GCS,FWD,"$298,300",17,55.5,5374.8
Taylor Walker,ADE,FWD,"$298,200",14,55.5,5373
Charlie Spargo,MEL,FWD,"$298,200",8,55.5,5373
Lachlan Schultz,FRE,FWD,"$298,000",17,55.5,5369.4
Easton Wood,WBD,DEF,"$297,700",12,55.4,5373.6
Tim O'Brien,HAW,FWD,"$297,500",16,55.4,5370
Sam J. Reid,GWS,DEF,"$297,300",3,30.3,9811.9
Jake Melksham,MEL,FWD,"$296,800",17,55.2,5376.8
Willie Rioli,WCE,FWD,"$296,600",0,0,0
James Frawley,STK,DEF,"$295,900",14,55.1,5370.2
Jarrod Brander,WCE,MID/FWD,"$295,500",8,55,5372.7
Mitch Crowden,FRE,FWD,"$295,500",10,55,5372.7
Jarrod Brander,WCE,MID/FWD,"$295,500",8,55,5372.7
Connor Blakely,FRE,MID,"$295,000",5,61,4836.1
James Stewart,ESS,FWD,"$295,000",10,54.9,5373.4
Charlie Curnow,CAR,FWD,"$294,600",0,0,0
Tom Atkins,GEE,FWD,"$293,500",11,54.6,5375.5
Martin Gleeson,ESS,DEF,"$293,400",13,54.6,5373.6
Peter Wright,ESS,FWD,"$292,300",0,0,0
Nathan Jones,MEL,MID/FWD,"$292,100",8,54.4,5369.5
Nathan Jones,MEL,MID/FWD,"$292,100",8,54.4,5369.5
Phil Davis,GWS,DEF,"$290,700",10,54.1,5373.4
Tom Scully,HAW,MID/FWD,"$290,500",14,54.1,5369.7
Tom Scully,HAW,MID/FWD,"$290,500",14,54.1,5369.7
Oskar Baker,MEL,MID,"$290,100",3,60,4835
Tarryn Thomas,NME,FWD,"$290,100",6,54,5372.2
Bryce Gibbs,ADE,DEF,"$290,100",3,60,4835
Jay Lockhart,MEL,DEF,"$289,600",10,53.9,5372.9
Jarrod Lienert,POR,DEF,"$289,200",5,59.8,4836.1
Bailey Banfield,FRE,FWD,"$288,200",5,59.6,4835.6
Isaac Cumming,GWS,DEF,"$288,000",3,67,4298.5
Bobby Hill,GWS,FWD,"$287,200",5,59.4,4835
Darcy Fogarty,ADE,FWD,"$286,400",10,53.3,5373.4
Billy Frampton,ADE,FWD,"$286,100",5,53.2,5377.8
Caleb Graham,GCS,DEF,"$284,800",7,53,5373.6
Mitch McGovern,CAR,FWD,"$283,900",12,52.8,5376.9
Mitch Hannan,WBD,FWD,"$283,600",9,52.8,5371.2
Jake Stringer,ESS,FWD,"$282,600",10,52.6,5372.6
Roarke Smith,WBD,MID/FWD,"$281,400",5,58.2,4835.1
Roarke Smith,WBD,MID/FWD,"$281,400",5,58.2,4835.1
Kyron Hayden,NME,DEF,"$281,400",8,52.4,5370.2
Daniel Howe,HAW,DEF/MID,"$280,500",5,58,4836.2
Jack Bytel,STK,MID,"$280,500",3,58,4836.2
Mitch Brown,MEL,FWD,"$280,500",5,52.2,5373.6
Daniel Howe,HAW,DEF / MID,"$280,500",5,58,4836.2
Sam Switkowski,FRE,FWD,"$279,400",0,0,0
Hayden Young,FRE,DEF,"$279,400",5,52,5373.1
Laitham Vandermeer,WBD,MID/FWD,"$278,900",12,51.9,5373.8
Laitham Vandermeer,WBD,MID/FWD,"$278,900",12,51.9,5373.8
Rhylee West,WBD,FWD,"$278,000",4,57.5,4834.8
Brayden Ham,ESS,MID,"$277,800",10,51.7,5373.3
Sydney Stack,RIC,MID/FWD,"$277,600",9,51.7,5369.4
Sydney Stack,RIC,MID/FWD,"$277,600",9,51.7,5369.4
Levi Greenwood,COL,MID,"$276,800",4,57.2,4839.2
Sam Gray,SYD,FWD,"$276,300",7,51.4,5375.5
Travis Colyer,FRE,FWD,"$275,800",9,51.3,5376.2
Ben Ronke,SYD,FWD,"$275,600",3,57,4835.1
Caleb Marchbank,CAR,DEF,"$275,400",0,0,0
Josh Bruce,WBD,FWD,"$275,000",16,51.2,5371.1
Jimmy Webster,STK,DEF,"$274,000",0,0,0
Josh Corbett,GCS,FWD,"$273,200",7,50.9,5367.4
Stefan Martin,WBD,RUC,"$272,200",6,50.7,5368.8
Jack Mahony,NME,FWD,"$271,900",10,50.6,5373.5
Orazio Fantasia,POR,DEF/FWD,"$271,800",5,56.2,4836.3
Orazio Fantasia,POR,DEF / FWD,"$271,800",5,56.2,4836.3
Joel Hamling,FRE,DEF,"$271,000",0,0,0
Colin O'Riordan,SYD,DEF,"$268,000",8,49.9,5370.7
Taylor Garner,NME,FWD,"$267,400",2,45,5942.2
James Bell,SYD,FWD,"$267,300",8,49.8,5367.5
Charlie Constable,GEE,MID,"$266,500",2,62,4298.4
Changkuoth Jiath,HAW,DEF,"$266,500",5,49.6,5373
Tristan Xerri,NME,FWD,"$265,900",4,49.5,5371.7
Lewis Taylor,SYD,FWD,"$265,600",9,49.4,5376.5
Sam Sturt,FRE,FWD,"$265,100",3,61.7,4296.6
Irving Mosquito,ESS,FWD,"$264,700",4,54.8,4830.3
Nick Larkey,NME,FWD,"$263,800",10,49.1,5372.7
Matthew Cottrell,CAR,MID,"$262,200",5,48.8,5373
Tom Hickey,SYD,RUC,"$261,100",3,54,4835.2
Boyd Woodcock,POR,FWD,"$261,100",5,54,4835.2
Kayne Turner,NME,FWD,"$260,800",0,0,0
Ben Brown,MEL,FWD,"$260,300",9,48.4,5378.1
Jack Ziebell,NME,FWD,"$257,900",8,48,5372.9
Jack Silvagni,CAR,FWD,"$257,400",3,35.3,7291.8
Bradley Close,GEE,FWD,"$257,200",8,53.2,4834.6
Connor Budarick,GCS,DEF,"$256,500",15,47.7,5377.4
Kysaiah Pickett,MEL,FWD,"$256,400",14,47.7,5375.3
Brandon Zerk-Thatcher,ESS,DEF,"$255,200",10,47.5,5372.6
Jack Payne,BRI,DEF,"$255,100",4,52.8,4831.4
Brayden Ainsworth,WCE,MID/FWD,"$253,900",8,47.2,5379.2
Brayden Ainsworth,WCE,MID/FWD,"$253,900",8,47.2,5379.2
Sean Lemmens,GCS,FWD,"$253,400",6,47.2,5368.6
Jordan Murdoch,GCS,DEF,"$253,000",0,0,0
Marcus Adams,BRI,DEF,"$250,400",1,28,8942.9
Will Hayes,WBD,MID,"$249,300",2,47.5,5248.4
Shaun McKernan,STK,FWD,"$245,900",9,45.8,5369
Aiden Bonar,NME,DEF,"$245,400",6,45.7,5369.8
Kaiden Brand,SYD,DEF,"$245,000",2,57,4298.2
Will Walker,NME,MID/FWD,"$244,500",2,65,3761.5
Will Walker,NME,MID/FWD,"$244,500",2,65,3761.5
Rory Atkins,GCS,MID,"$244,200",4,50.5,4835.6
Dom Tyson,NME,MID,"$243,900",0,0,0
Jordan Clark,GEE,DEF/MID,"$241,800",3,50,4836
Jordan Clark,GEE,DEF / MID,"$241,800",3,50,4836
Jacob Townsend,GCS,FWD,"$238,200",12,44.3,5377
Oliver Hanrahan,HAW,FWD,"$237,200",7,44.1,5378.7
Chayce Jones,ADE,MID,"$236,800",15,44.1,5369.6
Alex Pearce,FRE,DEF,"$235,600",0,0,0
Thomas Berry,BRI,FWD,"$235,500",6,43.8,5376.7
Joe Daniher,BRI,FWD,"$233,300",4,48.2,4840.2
Xavier O'Neill,WCE,MID/FWD,"$233,200",5,43.4,5373.3
Xavier O'Neill,WCE,MID/FWD,"$233,200",5,43.4,5373.3
Ryan Gardner,WBD,DEF,"$232,800",9,43.3,5376.4
Jack Hombsch,GCS,DEF,"$230,200",0,0,0
Nathan Vardy,WCE,RUC,"$228,600",0,0,0
Harrison Petty,MEL,DEF/FWD,"$228,200",0,0,0
Harrison Petty,MEL,DEF / FWD,"$228,200",0,0,0
Xavier O'Halloran,GWS,MID,"$227,500",2,60.5,3760.3
Matt Buntine,GWS,DEF/FWD,"$225,900",0,0,0
Matt Buntine,GWS,DEF / FWD,"$225,900",0,0,0
Zac Langdon,WCE,FWD,"$224,900",7,41.9,5367.5
Jack Buckley,GWS,DEF/MID,"$223,800",2,59.5,3761.3
Jack Buckley,GWS,DEF / MID,"$223,800",2,59.5,3761.3
Daniel McKenzie,STK,DEF,"$222,300",0,0,0
Patrick Ambrose,ESS,DEF,"$217,800",0,0,0
Archie Smith,BRI,RUC,"$217,100",5,40.4,5373.8
Jack Petruccelle,WCE,FWD,"$217,100",5,40.4,5373.8
Zac Smith,GCS,RUC,"$216,000",0,0,0
Connor Idun,GWS,DEF,"$214,900",2,50,4298
Josh Schache,WBD,FWD,"$214,400",2,39,5497.4
Ned McHenry,ADE,FWD,"$212,900",8,39.6,5376.3
Jarman Impey,HAW,FWD,"$212,800",5,39.6,5373.7
Joel Smith,MEL,DEF,"$211,100",7,39.3,5371.5
Will Hamill,ADE,DEF,"$210,900",8,39.2,5380.1
Chris Burgess,GCS,DEF,"$210,000",0,0,0
Jamarra Ugle-Hagan,WBD,FWD,"$207,300",0,0,0
Keegan Brooksby,HAW,RUC/FWD,"$206,900",1,55,3761.8
Keegan Brooksby,HAW,RUC/FWD,"$206,900",1,55,3761.8
Trey Ruscoe,COL,FWD,"$206,800",4,38.5,5371.4
Riley Thilthorpe,ADE,RUC/FWD,"$202,800",0,0,0
Riley Thilthorpe,ADE,RUC/FWD,"$202,800",0,0,0
Paddy Dow,CAR,MID/FWD,"$202,400",3,37.7,5368.7
Paddy Dow,CAR,MID/FWD,"$202,400",3,37.7,5368.7
Lachie Young,NME,DEF/MID,"$202,000",2,47,4297.9
Lachie Young,NME,DEF / MID,"$202,000",2,47,4297.9
Connor Menadue,NME,DEF,"$201,500",0,0,0
Jake Stein,GWS,DEF,"$200,100",0,0,0
Mitch Lewis,HAW,FWD,"$199,500",8,37.1,5377.4
Fischer Mcasey,ADE,DEF/FWD,"$199,300",10,37.1,5372
Fischer Mcasey,ADE,DEF / FWD,"$199,300",10,37.1,5372
Will Phillips,NME,MID,"$198,300",0,0,0
Lewis Young,WBD,DEF,"$198,300",0,0,0
Finn Maginness,HAW,MID,"$195,600",1,52,3761.5
Joel Amartey,SYD,RUC/FWD,"$195,600",1,52,3761.5
Joel Amartey,SYD,RUC/FWD,"$195,600",1,52,3761.5
Ben Cavarra,WBD,FWD,"$194,900",3,45.3,4302.4
Logan McDonald,SYD,FWD,"$193,800",0,0,0
Bailey J. Williams,WCE,RUC/FWD,"$193,400",3,45,4297.8
Bailey J. Williams,WCE,RUC/FWD,"$193,400",3,45,4297.8
Conor Nash,HAW,FWD,"$193,400",2,40,4835
Flynn Perez,NME,DEF,"$193,400",3,45,4297.8
Sam Flanders,GCS,FWD,"$192,300",5,35.8,5371.5
Ben Davis,ADE,FWD,"$191,800",1,51,3760.8
Louis Butler,WBD,DEF,"$191,800",2,51,3760.8
Joel Garner,POR,DEF,"$189,900",0,0,0
Jonathon Patton,HAW,FWD,"$189,800",6,35.3,5376.8
Braeden Campbell,SYD,MID/FWD,"$189,300",0,0,0
Braeden Campbell,SYD,MID/FWD,"$189,300",0,0,0
Ryan Garthwaite,RIC,DEF,"$188,000",0,0,0
Liam Stocker,CAR,DEF,"$186,500",0,0,0
Neville Jetta,MEL,DEF,"$186,300",6,34.7,5368.9
Denver Grainger-Barras,HAW,DEF,"$184,800",0,0,0
Liam Henry,FRE,FWD,"$184,500",3,34.3,5379
Jy Farrar,GCS,FWD,"$184,300",1,49,3761.2
Jamaine Jones,WCE,FWD,"$182,400",2,48.5,3760.8
Tyson Goldsack,POR,DEF,"$182,000",0,0,0
Lochie O'Brien,CAR,MID,"$180,500",1,42,4297.6
Zach Guthrie,GEE,DEF/MID,"$180,500",3,42,4297.6
Patrick Naish,RIC,MID,"$180,500",1,42,4297.6
Zach Guthrie,GEE,DEF / MID,"$180,500",3,42,4297.6
Elijah Hollands,GCS,MID/FWD,"$180,300",0,0,0
Elijah Hollands,GCS,MID/FWD,"$180,300",0,0,0
Daniel Venables,WCE,FWD,"$179,900",0,0,0
Darragh Joyce,STK,DEF,"$177,300",0,0,0
Deven Robertson,BRI,MID/FWD,"$176,800",1,47,3761.7
Deven Robertson,BRI,MID/FWD,"$176,800",1,47,3761.7
Jordon Butts,ADE,DEF,"$176,800",2,47,3761.7
Nikolas Cox,ESS,DEF/FWD,"$175,800",0,0,0
Nikolas Cox,ESS,DEF / FWD,"$175,800",0,0,0
Minairo Frederick,FRE,FWD,"$175,700",10,32.7,5373.1
Atu Bosenavulagi,NME,FWD,"$175,500",3,32.7,5367
Cody Weightman,WBD,FWD,"$173,700",3,32.3,5377.7
Archie Perkins,ESS,MID/FWD,"$171,300",0,0,0
Archie Perkins,ESS,MID/FWD,"$171,300",0,0,0
Sam Philp,CAR,FWD,"$171,100",2,45.5,3760.4
Zach Reid,ESS,DEF,"$166,800",0,0,0
Jayden Hunt,MEL,FWD,"$163,300",6,49,3332.7
Matthew Ling,SYD,DEF,"$163,000",3,30.3,5379.5
Luke Pedlar,ADE,MID,"$162,300",0,0,0
Callum Coleman-Jones,RIC,RUC/FWD,"$161,200",0,0,0
Ned Cahill,ESS,FWD,"$161,200",3,30,5373.3
Kade Chandler,MEL,FWD,"$161,200",0,0,0
Callum Coleman-Jones,RIC,RUC/FWD,"$161,200",0,0,0
Mark Keane,COL,DEF,"$158,000",1,42,3761.9
Tanner Bruhn,GWS,MID,"$157,800",0,0,0
Mark Hutchings,WCE,MID/FWD,"$157,600",3,29.3,5378.8
Mark Hutchings,WCE,MID/FWD,"$157,600",3,29.3,5378.8
Tom Campbell,NME,RUC/FWD,"$154,700",1,36,4297.2
Tom Campbell,NME,RUC/FWD,"$154,700",1,36,4297.2
Jarrod Cameron,WCE,FWD,"$153,700",5,28.6,5374.1
Tom Powell,NME,MID,"$153,300",0,0,0
Heath Chapman,FRE,DEF,"$148,800",0,0,0
Kieran Strachan,ADE,RUC/FWD,"$146,700",1,39,3761.5
Kieran Strachan,ADE,RUC/FWD,"$146,700",1,39,3761.5
Thomson Dow,RIC,MID,"$146,100",2,34,4297.1
Connor Ballenden,BRI,FWD,"$146,100",2,34,4297.1
Josh Morris,HAW,FWD,"$145,100",4,27,5374.1
Conor Stone,GWS,FWD,"$144,300",0,0,0
Chad Warner,SYD,FWD,"$144,000",2,33.5,4298.5
Jeremy Sharp,GCS,MID,"$141,800",2,33,4297
Lachlan Jones,POR,DEF,"$139,800",0,0,0
Dylan Roberton,STK,DEF,"$139,700",1,26,5373.1
Ben Jarvis,GEE,DEF/FWD,"$139,200",1,37,3762.2
Ben Jarvis,GEE,DEF / FWD,"$139,200",1,37,3762.2
Toby Bedford,MEL,FWD,"$137,000",2,25.5,5372.5
Tom Hutchesson,GWS,MID/FWD,"$135,400",1,36,3761.1
Will Kelly,COL,FWD,"$135,400",1,36,3761.1
Tom Hutchesson,GWS,MID/FWD,"$135,400",1,36,3761.1
Oliver Henry,COL,FWD,"$135,300",0,0,0
Ryan Angwin,GWS,MID,"$130,800",0,0,0
Tom Fullarton,BRI,RUC/FWD,"$128,900",2,30,4296.7
Tom Fullarton,BRI,RUC/FWD,"$128,900",2,30,4296.7
Luke Foley,WCE,DEF,"$127,900",1,34,3761.8
Finlay Macrae,COL,MID/FWD,"$126,300",0,0,0
Finlay Macrae,COL,MID/FWD,"$126,300",0,0,0
Ryan Byrnes,STK,MID,"$123,900",1,22,5631.8
Josh Honey,CAR,MID/FWD,"$123,900",1,16,7743.8
Lachlan Gollant,ADE,DEF/MID,"$123,900",0,0,0
Ronin O'Connor,ADE,MID,"$123,900",0,0,0
Nakia Cockatoo,BRI,MID/FWD,"$123,900",0,0,0
Tom Joyce,BRI,MID/FWD,"$123,900",0,0,0
Ely Smith,BRI,MID/FWD,"$123,900",0,0,0
Brodie Kemp,CAR,MID,"$123,900",0,0,0
Sam Ramsay,CAR,MID,"$123,900",0,0,0
Trent Bianco,COL,DEF/MID,"$123,900",0,0,0
Jay Rantall,COL,MID,"$123,900",0,0,0
Tom Hird,ESS,MID,"$123,900",0,0,0
Lachlan Johnson,ESS,MID/FWD,"$123,900",0,0,0
Stefan Giro,FRE,MID,"$123,900",0,0,0
Luke Valente,FRE,MID,"$123,900",0,0,0
Cooper Stephens,GEE,MID,"$123,900",0,0,0
Nick Shipley,GWS,MID,"$123,900",0,0,0
James Jordon,MEL,MID,"$123,900",0,0,0
Aaron Nietschke,MEL,MID,"$123,900",0,0,0
Trent Burgoyne,POR,MID/FWD,"$123,900",0,0,0
Jackson Mead,POR,MID,"$123,900",0,0,0
Dylan Williams,POR,MID/FWD,"$123,900",0,0,0
Riley Collier-Dawkins,RIC,MID,"$123,900",0,0,0
Noah Cumberland,RIC,MID/FWD,"$123,900",0,0,0
Will Martyn,RIC,MID,"$123,900",0,0,0
Hugo Ralphsmith,RIC,MID/FWD,"$123,900",0,0,0
Leo Connolly,STK,DEF/MID,"$123,900",0,0,0
Riley Garcia,WBD,MID,"$123,900",0,0,0
Max Lynch,COL,RUC/FWD,"$123,900",1,22,5631.8
Nick Bryan,ESS,RUC,"$123,900",0,0,0
Lloyd Meek,FRE,RUC,"$123,900",0,0,0
Matt Conroy,GCS,RUC,"$123,900",0,0,0
Matt Flynn,GWS,RUC,"$123,900",0,0,0
Ned Reeves,HAW,RUC,"$123,900",0,0,0
Austin Bradtke,MEL,RUC,"$123,900",0,0,0
Charlie Comben,NME,RUC/FWD,"$123,900",0,0,0
Sam Hayes,POR,RUC,"$123,900",0,0,0
Bigoa Nyuon,RIC,DEF/RUC,"$123,900",0,0,0
Sam Alabakis,STK,RUC,"$123,900",0,0,0
Callum Jamieson,WCE,RUC,"$123,900",0,0,0
Jordon Sweet,WBD,RUC,"$123,900",0,0,0
Harrison Jones,ESS,FWD,"$123,900",0,0,0
Max Lynch,COL,RUC/FWD,"$123,900",1,22,5631.8
Josh Honey,CAR,MID/FWD,"$123,900",1,16,7743.8
Matthew Owies,CAR,FWD,"$123,900",1,15,8260
Josh Worrell,ADE,DEF/FWD,"$123,900",0,0,0
Nakia Cockatoo,BRI,MID/FWD,"$123,900",0,0,0
Tom Joyce,BRI,MID/FWD,"$123,900",0,0,0
James Madden,BRI,DEF/FWD,"$123,900",0,0,0
Connor McFadyen,BRI,FWD,"$123,900",0,0,0
Ely Smith,BRI,MID/FWD,"$123,900",0,0,0
Anton Tohill,COL,FWD,"$123,900",0,0,0
Tom Wilson,COL,FWD,"$123,900",0,0,0
Lachlan Johnson,ESS,MID/FWD,"$123,900",0,0,0
Ross McQuillan,ESS,DEF/FWD,"$123,900",0,0,0
Oscar Brownless,GEE,FWD,"$123,900",0,0,0
Francis Evans,GEE,FWD,"$123,900",0,0,0
Nathan Kreuger,GEE,FWD,"$123,900",0,0,0
Cameron Taheny,GEE,FWD,"$123,900",0,0,0
Patrick Murtagh,GCS,FWD,"$123,900",0,0,0
Malcolm Rosas,GCS,FWD,"$123,900",0,0,0
Kieren Briggs,GWS,DEF/FWD,"$123,900",0,0,0
Zach Sproule,GWS,FWD,"$123,900",0,0,0
Emerson Jeka,HAW,FWD,"$123,900",0,0,0
Charlie Comben,NME,RUC/FWD,"$123,900",0,0,0
Miles Bergman,POR,FWD,"$123,900",0,0,0
Trent Burgoyne,POR,MID/FWD,"$123,900",0,0,0
Dylan Williams,POR,MID/FWD,"$123,900",0,0,0
Noah Cumberland,RIC,MID/FWD,"$123,900",0,0,0
Hugo Ralphsmith,RIC,MID/FWD,"$123,900",0,0,0
Barry O'Connor,SYD,DEF/FWD,"$123,900",0,0,0
Harry Edwards,WCE,DEF,"$123,900",1,10,12390
Lachlan Gollant,ADE,DEF / MID,"$123,900",0,0,0
Josh Worrell,ADE,DEF / FWD,"$123,900",0,0,0
James Madden,BRI,DEF / FWD,"$123,900",0,0,0
Jaxon Prior,BRI,DEF,"$123,900",0,0,0
Brock Smith,BRI,DEF,"$123,900",0,0,0
Trent Bianco,COL,DEF / MID,"$123,900",0,0,0
Nathan Murphy,COL,DEF,"$123,900",0,0,0
Cian McBride,ESS,DEF,"$123,900",0,0,0
Ross McQuillan,ESS,DEF / FWD,"$123,900",0,0,0
Leno Thomas,FRE,DEF,"$123,900",0,0,0
Sam De Koning,GEE,DEF,"$123,900",0,0,0
Stefan Okunbor,GEE,DEF,"$123,900",0,0,0
Jez McLennan,GCS,DEF,"$123,900",0,0,0
Rory Thompson,GCS,DEF,"$123,900",0,0,0
Luke Towey,GCS,DEF,"$123,900",0,0,0
Kieren Briggs,GWS,DEF / FWD,"$123,900",0,0,0
Callum M. Brown,GWS,DEF,"$123,900",0,0,0
Jacob Koschitzke,HAW,DEF,"$123,900",0,0,0
Harry Pepper,HAW,DEF,"$123,900",0,0,0
Matt McGuinness,NME,DEF,"$123,900",0,0,0
Martin Frederick,POR,DEF,"$123,900",0,0,0
Jake Pasini,POR,DEF,"$123,900",0,0,0
Ben Miller,RIC,DEF,"$123,900",0,0,0
Bigoa Nyuon,RIC,DEF / RUC,"$123,900",0,0,0
Oscar Clavarino,STK,DEF,"$123,900",0,0,0
Leo Connolly,STK,DEF / MID,"$123,900",0,0,0
Will Gould,SYD,DEF,"$123,900",0,0,0
Barry O'Connor,SYD,DEF / FWD,"$123,900",0,0,0
Ben Johnson,WCE,DEF,"$123,900",0,0,0
Buku Khamis,WBD,DEF,"$123,900",0,0,0
Max Holmes,GEE,MID/FWD,"$121,800",0,0,0
Max Holmes,GEE,MID/FWD,"$121,800",0,0,0
Sam Berry,ADE,MID,"$117,300",0,0,0
Brayden Cook,ADE,MID/FWD,"$117,300",0,0,0
Harry Sharp,BRI,DEF/MID,"$117,300",0,0,0
Reef McInnes,COL,MID,"$117,300",0,0,0
Caleb Poulter,COL,MID/FWD,"$117,300",0,0,0
Nathan O'Driscoll,FRE,MID,"$117,300",0,0,0
Joel Western,FRE,MID,"$117,300",0,0,0
Tyler Brockman,HAW,MID/FWD,"$117,300",0,0,0
Connor Downie,HAW,MID,"$117,300",0,0,0
Jake Bowey,MEL,MID/FWD,"$117,300",0,0,0
Fraser Rosman,MEL,MID/FWD,"$117,300",0,0,0
Charlie Lazzaro,NME,MID,"$117,300",0,0,0
Phoenix Spicer,NME,MID/FWD,"$117,300",0,0,0
Maurice Rioli,RIC,MID/FWD,"$117,300",0,0,0
Errol Gulden,SYD,MID,"$117,300",0,0,0
Luke Edwards,WCE,MID,"$117,300",0,0,0
Isiah Winder,WCE,DEF/MID,"$117,300",0,0,0
Henry Smith,BRI,RUC,"$117,300",0,0,0
Shannon Neale,GEE,RUC/FWD,"$117,300",0,0,0
Samson Ryan,RIC,RUC,"$117,300",0,0,0
Brayden Cook,ADE,MID/FWD,"$117,300",0,0,0
James Rowe,ADE,FWD,"$117,300",0,0,0
Corey Durdin,CAR,MID/FWD,"$117,300",0,0,0
Beau McCreery,COL,FWD,"$117,300",0,0,0
Liam McMahon,COL,FWD,"$117,300",0,0,0
Caleb Poulter,COL,MID/FWD,"$117,300",0,0,0
Joshua Eyre,ESS,DEF/FWD,"$117,300",0,0,0
Shannon Neale,GEE,RUC/FWD,"$117,300",0,0,0
Tyler Brockman,HAW,MID/FWD,"$117,300",0,0,0
Seamus Mitchell,HAW,FWD,"$117,300",0,0,0
Jake Bowey,MEL,MID/FWD,"$117,300",0,0,0
Bailey Laurie,MEL,DEF/FWD,"$117,300",0,0,0
Fraser Rosman,MEL,MID/FWD,"$117,300",0,0,0
Eddie Ford,NME,FWD,"$117,300",0,0,0
Phoenix Spicer,NME,MID/FWD,"$117,300",0,0,0
Ollie Lord,POR,FWD,"$117,300",0,0,0
Maurice Rioli,RIC,MID/FWD,"$117,300",0,0,0
Matthew Allison,STK,FWD,"$117,300",0,0,0
Dominic Bedendo,WBD,FWD,"$117,300",0,0,0
Harry Sharp,BRI,DEF / MID,"$117,300",0,0,0
Cody Brand,ESS,DEF,"$117,300",0,0,0
Joshua Eyre,ESS,DEF / FWD,"$117,300",0,0,0
Brandon Walker,FRE,DEF,"$117,300",0,0,0
Cameron Fleeton,GWS,DEF,"$117,300",0,0,0
Jacob Wehr,GWS,DEF,"$117,300",0,0,0
Bailey Laurie,MEL,DEF / FWD,"$117,300",0,0,0
Thomas Highmore,STK,DEF,"$117,300",0,0,0
Isiah Winder,WCE,DEF / MID,"$117,300",0,0,0
Jack Carroll,CAR,MID,"$117,200",0,0,0
Corey Durdin,CAR,MID/FWD,"$117,200",0,0,0
Blake Coleman,BRI,FWD,"$117,200",0,0,0
Nick Stevens,GEE,DEF,"$117,200",0,0,0
Tariek Newchurch,ADE,MID/FWD,"$102,400",0,0,0
Carter Michael,BRI,MID,"$102,400",0,0,0
Jack Ginnivan,COL,MID/FWD,"$102,400",0,0,0
Alex Davies,GCS,MID,"$102,400",0,0,0
Aiden Fyfe,GCS,DEF/MID,"$102,400",0,0,0
Hawego Paul Oea,GCS,MID/FWD,"$102,400",0,0,0
Jack Saunders,HAW,MID/FWD,"$102,400",0,0,0
Taj Schofield,POR,MID,"$102,400",0,0,0
Zane Trew,WCE,MID,"$102,400",0,0,0
Lachlan McNeil,WBD,MID,"$102,400",0,0,0
Josh Treacy,FRE,RUC/FWD,"$102,400",0,0,0
Paul Tsapatolis,GEE,RUC,"$102,400",0,0,0
Mate Colina,RIC,RUC,"$102,400",0,0,0
Tariek Newchurch,ADE,MID/FWD,"$102,400",0,0,0
Isaac Chugg,COL,DEF/FWD,"$102,400",0,0,0
Jack Ginnivan,COL,MID/FWD,"$102,400",0,0,0
Josh Treacy,FRE,RUC/FWD,"$102,400",0,0,0
Hawego Paul Oea,GCS,MID/FWD,"$102,400",0,0,0
Jack Saunders,HAW,MID/FWD,"$102,400",0,0,0
Marc Sheather,SYD,FWD,"$102,400",0,0,0
James Borlase,ADE,DEF,"$102,400",0,0,0
Deividas Uosis,BRI,DEF,"$102,400",0,0,0
Luke Parks,CAR,DEF,"$102,400",0,0,0
Isaac Chugg,COL,DEF / FWD,"$102,400",0,0,0
Aiden Fyfe,GCS,DEF / MID,"$102,400",0,0,0
Joel Jeffrey,GCS,DEF,"$102,400",0,0,0
Rhys Nicholls,GCS,DEF,"$102,400",0,0,0
Will Shaw,GWS,DEF,"$102,400",0,0,0
Patrick Walker,NME,DEF,"$102,400",0,0,0
Malachy Carruthers,SYD,DEF,"$102,400",0,0,0
