"","Name","Team","Position","Proj_Score","Price","adp"
"1","Max Gawn","MEL","RUC",146,751400,59
"2","Lachie Neale","BRI","MID",128,721800,33
"3","Brodie Grundy","COL","RUC",125,648200,38
"4","Jake Lloyd","SYD","DEF",120,656400,40
"5","Jack Steele","STK","MID",120,658000,25
"6","Clayton Oliver","MEL","MID",119,656700,24
"7","Patrick Dangerfield","GEE","FWD",117,611900,45
"8","Jack Macrae","WBD","MID",117,650100,22
"9","Patrick Dangerfield","GEE","MID",117,611900,22
"10","Zach Merrett","ESS","MID",116,620900,21
"11","Christian Petracca","MEL","MID",115,631400,20
"12","Jarryd Lyons","BRI","MID",112,604600,17
"13","Marcus Bontempelli","WBD","MID",111,623900,16
"14","Nat Fyfe","FRE","MID",111,608300,16
"15","Todd Goldstein","NME","RUC",111,601700,24
"16","Josh Kelly","GWS","MID",110,615600,15
"17","Tom Mitchell","HAW","MID",109,610000,14
"18","Matt Crouch","ADE","MID",109,594700,14
"19","Sam Menegola","GEE","MID",109,579000,14
"20","Reilly O'Brien","ADE","RUC",109,570800,22
"21","Travis Boak","POR","MID",108,590400,13
"22","Nic Naitanui","WCE","RUC",108,593700,21
"23","Rory Laird","ADE","DEF",107,564800,27
"24","Luke Parker","SYD","MID",107,571100,12
"25","Touk Miller","GCS","MID",107,569200,12
"26","Rory Laird","ADE","MID",107,564800,12
"27","Andrew Gaff","WCE","MID",106,570800,11
"28","Tom Rockliff","POR","MID",106,573000,11
"29","Luke Ryan","FRE","DEF",105,576500,25
"30","Caleb Daniel","WBD","DEF",105,545500,25
"31","Taylor Adams","COL","MID",105,588800,10
"32","Dustin Martin","RIC","MID",105,541600,10
"33","Patrick Cripps","CAR","MID",105,523700,10
"34","Dustin Martin","RIC","FWD",104,541600,32
"35","Hugh Greenwood","GCS","MID",104,567300,9
"36","Cameron Guthrie","GEE","MID",104,554700,9
"37","Stephen Coniglio","GWS","MID",104,528900,9
"38","Tom Liberatore","WBD","MID",103,569900,8
"39","Jed Anderson","NME","MID",103,562300,8
"40","Hugh McCluggage","BRI","MID",103,545500,8
"41","Sam Walsh","CAR","MID",103,543300,8
"42","Tim English","WBD","RUC",103,551200,16
"43","Lachie Whitfield","GWS","DEF",102,561600,22
"44","Jordan Ridley","ESS","DEF",102,547700,22
"45","Lachie Hunter","WBD","MID",102,618500,7
"46","Ollie Wines","POR","MID",102,560600,7
"47","Jayden Short","RIC","DEF",101,519300,21
"48","Tom Stewart","GEE","DEF",101,538000,21
"49","Tom Hawkins","GEE","FWD",101,568600,29
"50","Adam Saad","CAR","DEF",100,526200,20
"51","Scott Pendlebury","COL","MID",100,592200,5
"52","Andrew Brayshaw","FRE","MID",100,544200,5
"53","Matt Rowell","GCS","MID",100,495100,5
"54","Jeremy Howe","COL","DEF",99,517900,19
"55","Callum Mills","SYD","DEF",99,544800,19
"56","Steele Sidebottom","COL","FWD",99,588000,27
"57","Steele Sidebottom","COL","MID",99,588000,4
"58","Dylan Shiel","ESS","MID",99,548000,4
"59","Dayne Zorko","BRI","FWD",98,525800,26
"60","Adam Treloar","WBD","MID",98,587600,3
"61","Dayne Zorko","BRI","MID",98,525800,3
"62","Tim Taranto","GWS","MID",98,453700,3
"63","Brayden Maynard","COL","DEF",97,549900,17
"64","Jack Crisp","COL","DEF",97,533200,17
"65","Luke McDonald","NME","DEF",97,512900,17
"66","Josh Dunkley","WBD","FWD",97,560200,25
"67","Josh Dunkley","WBD","MID",97,560200,2
"68","Nick Haynes","GWS","DEF",96,528400,16
"69","Sam Docherty","CAR","DEF",96,496000,16
"70","Trent Dumont","NME","MID",96,543300,1
"71","Tim Kelly","WCE","MID",96,517400,1
"72","Shaun Higgins","GEE","MID",96,510400,1
"73","David Mundy","FRE","MID",96,502000,1
"74","Jy Simpkin","NME","MID",96,499700,1
"75","Jack Viney","MEL","MID",95,534900,0
"76","Josh P. Kennedy","SYD","MID",95,513500,0
"77","Harry Perryman","GWS","MID",95,505000,0
"78","Bailey Smith","WBD","MID",95,494600,0
"79","Ed Curnow","CAR","MID",94,512600,-1
"80","Brad Crouch","STK","MID",94,448600,-1
"81","Mark Blicavs","GEE","DEF",93,531600,13
"82","Shannon Hurn","WCE","DEF",93,477800,13
"83","Robbie Gray","POR","FWD",93,491100,21
"84","Mark Blicavs","GEE","MID",93,531600,-2
"85","Luke Shuey","WCE","MID",93,508600,-2
"86","Tom Green","GWS","MID",93,351400,-2
"87","Toby Nankervis","RIC","RUC",93,442900,6
"88","Hunter Clark","STK","DEF",92,438900,12
"89","Jacob Hopper","GWS","MID",92,488600,-3
"90","Elliot Yeo","WCE","MID",92,483000,-3
"91","Marc Murphy","CAR","MID",92,444700,-3
"92","Andrew McGrath","ESS","MID",91,510000,-4
"93","Brad Sheppard","WCE","DEF",90,492700,10
"94","Dan Houston","POR","DEF",90,489300,10
"95","Jack Billings","STK","MID",90,514800,-5
"96","Devon Smith","ESS","MID",90,458000,-5
"97","Joel Selwood","GEE","MID",90,445000,-5
"98","Daniel Rich","BRI","DEF",89,483100,9
"99","Christian Salem","MEL","DEF",89,469100,9
"100","Ed Langdon","MEL","MID",89,487300,-6
"101","Adam Cerra","FRE","MID",89,484800,-6
"102","Will Setterfield","CAR","MID",89,481900,-6
"103","Scott Lycett","POR","RUC",89,520700,2
"104","Jarrod Berry","BRI","MID",87,521500,-8
"105","Dom Sheed","WCE","MID",87,478500,-8
"106","James Worpel","HAW","MID",87,474200,-8
"107","Sebastian Ross","STK","MID",87,417900,-8
"108","Rhys Stanley","GEE","RUC",87,551900,0
"109","Ben McEvoy","HAW","RUC",87,456000,0
"110","Jordan Dawson","SYD","DEF",86,485700,6
"111","Nick Vlastuin","RIC","DEF",86,483500,6
"112","Kyle Langford","ESS","FWD",86,436900,14
"113","Jack Ziebell","NME","FWD",86,257900,14
"114","Zak Jones","STK","MID",86,494700,-9
"115","Jaeger O'Meara","HAW","MID",86,488000,-9
"116","Rory Sloane","ADE","MID",86,471900,-9
"117","Kyle Langford","ESS","MID",86,436900,-9
"118","Robbie Tarrant","NME","DEF",85,463100,5
"119","Brodie Smith","ADE","DEF",85,438200,5
"120","Darcy Parish","ESS","MID",85,465800,-10
"121","Ben Cunnington","NME","MID",85,439800,-10
"122","Brodie Smith","ADE","MID",85,438200,-10
"123","Lachie Weller","GCS","MID",85,436500,-10
"124","Dane Rampe","SYD","DEF",84,492300,4
"125","Ben McEvoy","HAW","DEF",84,456000,4
"126","Liam Duggan","WCE","DEF",84,448600,4
"127","Darcy Byrne-Jones","POR","DEF",84,441800,4
"128","Shai Bolton","RIC","FWD",84,462400,12
"129","Zac Bailey","BRI","FWD",84,420300,12
"130","Liam Ryan","WCE","FWD",84,409600,12
"131","Shai Bolton","RIC","MID",84,462400,-11
"132","Trent Cotchin","RIC","MID",84,443500,-11
"133","Zac Bailey","BRI","MID",84,420300,-11
"134","Dyson Heppell","ESS","MID",84,319100,-11
"135","Bailey Williams","WBD","DEF",83,452600,3
"136","Trent McKenzie","POR","DEF",83,388300,3
"137","Charlie Dixon","POR","FWD",83,498700,11
"138","Zak Butters","POR","FWD",83,471400,11
"139","Chad Wingard","HAW","FWD",83,452300,11
"140","Jared Polec","NME","MID",83,477800,-12
"141","Angus Brayshaw","MEL","MID",83,435200,-12
"142","Liam Shiels","HAW","MID",83,420100,-12
"143","Oscar McInerney","BRI","RUC",83,443400,-4
"144","Jye Caldwell","ESS","FWD",82,348600,10
"145","Toby Greene","GWS","FWD",82,448400,10
"146","Kane Lambert","RIC","FWD",82,445900,10
"147","Jack Gunston","HAW","FWD",82,438200,10
"148","Tom Phillips","HAW","FWD",82,402600,10
"149","Jeremy Cameron","GEE","FWD",82,388100,10
"150","Jye Caldwell","ESS","MID",82,348600,-13
"151","Brandon Ellis","GCS","MID",82,450600,-13
"152","Mitch Robinson","BRI","MID",82,418800,-13
"153","Tom Phillips","HAW","MID",82,402600,-13
"154","Harris Andrews","BRI","DEF",81,469700,1
"155","Alex Witherden","WCE","DEF",81,456100,1
"156","Jack Bowes","GCS","DEF",81,451300,1
"157","Hamish Hartlett","POR","DEF",81,421900,1
"158","Sam Petrevski-Seton","CAR","DEF",81,401400,1
"159","Jack Darling","WCE","FWD",81,434900,9
"160","David Swallow","GCS","MID",81,438400,-14
"161","Ben Keays","ADE","MID",81,436200,-14
"162","Jason Johannisen","WBD","DEF",80,448300,0
"163","Tom Barrass","WCE","DEF",80,447200,0
"164","Jack Lukosius","GCS","DEF",80,430800,0
"165","Josh Daicos","COL","MID",80,442200,-15
"166","Jack Sinclair","STK","MID",80,426600,-15
"167","Michael Hurley","ESS","DEF",79,431400,-1
"168","Noah Anderson","GCS","MID",79,411500,-16
"169","Marlion Pickett","RIC","MID",79,386500,-16
"170","Jeremy McGovern","WCE","DEF",78,462100,-2
"171","Nick Coffield","STK","DEF",78,426500,-2
"172","James Harmes","MEL","DEF",78,344700,-2
"173","Jack Martin","CAR","FWD",78,446300,6
"174","Tom Papley","SYD","FWD",78,428600,6
"175","Caleb Serong","FRE","MID",78,435600,-17
"176","Jack Redden","WCE","MID",78,377900,-17
"177","Hayden Crozier","WBD","DEF",77,409100,-3
"178","Michael Hibberd","MEL","DEF",77,378000,-3
"179","Tom Jonas","POR","DEF",77,373600,-3
"180","Dan Butler","STK","FWD",77,416900,5
"181","Tom Lynch","ADE","FWD",77,407900,5
"182","Brandan Parfitt","GEE","MID",77,455100,-18
"183","Jack Graham","RIC","MID",77,446400,-18
"184","Karl Amon","POR","MID",77,431400,-18
"185","Darcy Moore","COL","DEF",76,430200,-4
"186","Sam Collins","GCS","DEF",76,422500,-4
"187","Jake Lever","MEL","DEF",76,419400,-4
"188","Isaac Heeney","SYD","FWD",76,454500,4
"189","Sam Powell-Pepper","POR","FWD",76,404500,4
"190","Tim Membrey","STK","FWD",76,363700,4
"191","Jade Gresham","STK","MID",76,438100,-19
"192","Oliver Florent","SYD","MID",76,408300,-19
"193","Sam Powell-Pepper","POR","MID",76,404500,-19
"194","Dom Tyson","NME","MID",76,243900,-19
"195","Shane Mumford","GWS","RUC",76,420700,-11
"196","Callum Sinclair","SYD","RUC",76,414100,-11
"197","Stefan Martin","WBD","RUC",76,272200,-11
"198","Jacob Weitering","CAR","DEF",75,410400,-5
"199","Harry Cunningham","SYD","DEF",75,410400,-5
"200","Oleg Markov","GCS","DEF",75,314300,-5
"201","Ben Ainsworth","GCS","FWD",75,406300,3
"202","Jack Newnes","CAR","FWD",75,401700,3
"203","Will Brodie","GCS","FWD",75,344900,3
"204","Blake Acres","FRE","MID",75,453600,-20
"205","Callan Ward","GWS","MID",75,409900,-20
"206","Zach Tuohy","GEE","MID",75,405100,-20
"207","James Aish","FRE","MID",75,404600,-20
"208","Jack Newnes","CAR","MID",75,401700,-20
"209","Will Brodie","GCS","MID",75,344900,-20
"210","Liam Baker","RIC","DEF",74,419100,-6
"211","Shaun Atley","NME","DEF",74,404200,-6
"212","Luke Breust","HAW","FWD",74,428100,2
"213","Charlie Cameron","BRI","FWD",74,395400,2
"214","Mitch Wallis","WBD","FWD",74,379900,2
"215","Marc Pittonet","CAR","RUC",74,421500,-13
"216","Callum Wilkie","STK","DEF",73,409000,-7
"217","Oscar Allen","WCE","FWD",73,422100,1
"218","Isaac Smith","GEE","FWD",73,397600,1
"219","Toby McLean","WBD","FWD",73,366700,1
"220","Jack Riewoldt","RIC","FWD",73,344500,1
"221","Paul Seedsman","ADE","MID",73,429800,-22
"222","Isaac Smith","GEE","MID",73,397600,-22
"223","Ivan Soldo","RIC","RUC",73,403000,-14
"224","Brennan Cox","FRE","DEF",72,433500,-8
"225","Jackson Nelson","WCE","DEF",72,397600,-8
"226","Jordan Clark","GEE","DEF",72,241800,-8
"227","Michael Gibbons","CAR","FWD",72,401500,0
"228","Gryan Miers","GEE","FWD",72,387100,0
"229","Jamie Cripps","WCE","FWD",72,373600,0
"230","Will Snelling","ESS","FWD",72,368500,0
"231","Levi Casboult","CAR","FWD",72,349900,0
"232","James Rowbottom","SYD","MID",72,405600,-23
"233","Jordan Clark","GEE","MID",72,241800,-23
"234","Peter Ladhams","POR","RUC",72,460000,-15
"235","Ethan Hughes","FRE","DEF",71,381800,-9
"236","Blake Hardwick","HAW","DEF",71,373100,-9
"237","Dougal Howard","STK","DEF",71,355200,-9
"238","Shaun Burgoyne","HAW","FWD",71,378600,-1
"239","Connor Rozee","POR","FWD",71,377200,-1
"240","Shane Edwards","RIC","MID",71,416700,-24
"241","Jimmy Webster","STK","DEF",70,274000,-10
"242","Aaron Hall","NME","FWD",70,392200,-2
"243","David Zaharakis","ESS","FWD",70,351400,-2
"244","Sam Reid","SYD","FWD",70,328300,-2
"245","Jarman Impey","HAW","FWD",70,212800,-2
"246","James Cousins","HAW","MID",70,412600,-25
"247","Jonathon Ceglar","HAW","RUC",70,388100,-17
"248","Jack Scrimshaw","HAW","DEF",69,399600,-11
"249","John Noble","COL","DEF",69,393300,-11
"250","Dylan Grimes","RIC","DEF",69,382800,-11
"251","Aidan Corr","NME","DEF",69,381100,-11
"252","Mark O'Connor","GEE","DEF",69,380800,-11
"253","Jack Higgins","STK","FWD",69,419600,-3
"254","Eric Hipwood","BRI","FWD",69,391300,-3
"255","Luke Dahlhaus","GEE","FWD",69,375200,-3
"256","Brody Mihocek","COL","FWD",69,366000,-3
"257","Bayley Fritsch","MEL","FWD",69,359300,-3
"258","Luke Davies-Uniacke","NME","MID",69,432800,-26
"259","Xavier Duursma","POR","MID",69,398400,-26
"260","Kamdyn McIntosh","RIC","MID",69,381500,-26
"261","Orazio Fantasia","POR","DEF",68,271800,-12
"262","Nathan Wilson","FRE","DEF",68,395100,-12
"263","Liam Jones","CAR","DEF",68,387500,-12
"264","Luke Brown","ADE","DEF",68,363400,-12
"265","Jarryn Geary","STK","DEF",68,320400,-12
"266","Jake Kelly","ADE","DEF",68,309800,-12
"267","Joe Daniher","BRI","FWD",68,233300,-4
"268","Orazio Fantasia","POR","FWD",68,271800,-4
"269","Peter Ladhams","POR","FWD",68,460000,-4
"270","Gary Rohan","GEE","FWD",68,392200,-4
"271","Lincoln McCarthy","BRI","FWD",68,354600,-4
"272","Jeremy Finlayson","GWS","FWD",68,346700,-4
"273","Dan Hannebery","STK","MID",68,338500,-27
"274","Sam Naismith","SYD","RUC",68,376100,-19
"275","Robbie Fox","SYD","DEF",67,385700,-13
"276","Ben Long","STK","DEF",67,384100,-13
"277","Darcy Gardiner","BRI","DEF",67,362800,-13
"278","Lachie Plowman","CAR","DEF",67,354900,-13
"279","Stephen Hill","FRE","DEF",67,338000,-13
"280","Matthew Kennedy","CAR","FWD",67,437500,-5
"281","Anthony McDonald-Tipungwuti","ESS","FWD",67,370400,-5
"282","Jamie Elliott","COL","FWD",67,362700,-5
"283","Tom McDonald","MEL","FWD",67,323000,-5
"284","Darcy MacPherson","GCS","FWD",67,306700,-5
"285","Matthew Kennedy","CAR","MID",67,437500,-28
"286","Jamie Elliott","COL","MID",67,362700,-28
"287","Bradley Hill","STK","MID",67,354000,-28
"288","Ryan Lester","BRI","DEF",66,380200,-14
"289","Lachie Henderson","GEE","DEF",66,377700,-14
"290","Wil Powell","GCS","DEF",66,358900,-14
"291","Ben Paton","STK","DEF",66,344200,-14
"292","Aliir Aliir","POR","DEF",66,321200,-14
"293","Izak Rankine","GCS","FWD",66,371600,-6
"294","Will Hoskin-Elliott","COL","FWD",66,337500,-6
"295","Patrick Lipinski","WBD","MID",66,429800,-29
"296","Ryan Clarke","SYD","MID",66,407800,-29
"297","Callum Ah Chee","BRI","DEF",65,353300,-15
"298","Tom Clurey","POR","DEF",65,335500,-15
"299","Changkuoth Jiath","HAW","DEF",65,266500,-15
"300","Brent Daniels","GWS","FWD",65,356600,-7
"301","Jason Castagna","RIC","FWD",65,341000,-7
"302","Taylor Walker","ADE","FWD",65,298200,-7
"303","Luke Dunstan","STK","MID",65,395400,-30
"304","Chris Mayne","COL","MID",65,373400,-30
"305","Darcy Fort","GEE","RUC",65,390700,-22
"306","David Mackay","ADE","DEF",64,393300,-16
"307","Damon Greaves","HAW","DEF",64,389700,-16
"308","Jake Carlisle","STK","DEF",64,372500,-16
"309","Taylin Duman","FRE","DEF",64,354600,-16
"310","Mason Redman","ESS","DEF",64,330200,-16
"311","Jack Henry","GEE","DEF",64,325500,-16
"312","Jarrod Harbrow","GCS","DEF",64,309100,-16
"313","Brett Bewley","FRE","FWD",64,388200,-8
"314","Rhys Mathieson","BRI","FWD",64,364800,-8
"315","Josh Battle","STK","FWD",64,362900,-8
"316","Sam Day","GCS","FWD",64,298300,-8
"317","Tim O'Brien","HAW","FWD",64,297500,-8
"318","Nathan Jones","MEL","FWD",64,292100,-8
"319","Brett Bewley","FRE","MID",64,388200,-31
"320","Rhys Mathieson","BRI","MID",64,365800,-31
"321","Josh Battle","STK","MID",64,362900,-31
"322","Nathan Jones","MEL","MID",64,292100,-31
"323","Esava Ratugolea","GEE","RUC",64,369400,-23
"324","Grant Birchall","BRI","DEF",63,375300,-17
"325","Noah Balta","RIC","DEF",63,373600,-17
"326","Lachlan Keeffe","GWS","DEF",63,372800,-17
"327","Reece Conca","FRE","DEF",63,370300,-17
"328","Harry Morrison","HAW","DEF",63,358500,-17
"329","Daniel Talia","ADE","DEF",63,354600,-17
"330","Shane McAdam","ADE","FWD",63,354600,-9
"331","Jake Melksham","MEL","FWD",63,296800,-9
"332","Justin McInerney","SYD","MID",63,384400,-32
"333","Harry Morrison","HAW","MID",63,358500,-32
"334","Andrew Phillips","ESS","RUC",63,353000,-24
"335","Isaac Quaynor","COL","DEF",62,405300,-18
"336","Will Day","HAW","DEF",62,384400,-18
"337","Jack Madgen","COL","DEF",62,380500,-18
"338","Sam Mayes","POR","DEF",62,342500,-18
"339","Jed Bews","GEE","DEF",62,341800,-18
"340","Josh Walker","NME","DEF",62,329600,-18
"341","Bryce Gibbs","ADE","DEF",62,290100,-18
"342","Jordan De Goey","COL","FWD",62,435200,-10
"343","Daniel Rioli","RIC","FWD",62,341500,-10
"344","David Cuningham","CAR","FWD",62,340700,-10
"345","Cameron Zurhaar","NME","FWD",62,337800,-10
"346","Will Hayward","SYD","FWD",62,327100,-10
"347","Brendon Ah Chee","WCE","FWD",62,310200,-10
"348","Steven Motlop","POR","FWD",62,308500,-10
"349","Tom Scully","HAW","FWD",62,290500,-10
"350","Tom Scully","HAW","MID",62,290500,-33
"351","Josh Jenkins","GEE","RUC",62,323400,-25
"352","Tom Cole","WCE","DEF",61,364600,-19
"353","Griffin Logue","FRE","DEF",61,339400,-19
"354","Alex Keath","WBD","DEF",61,323900,-19
"355","Zac Fisher","CAR","FWD",61,394200,-11
"356","Esava Ratugolea","GEE","FWD",61,369400,-11
"357","Elliott Himmelberg","ADE","FWD",61,358000,-11
"358","Jaidyn Stephenson","NME","FWD",61,354100,-11
"359","Nick Blakey","SYD","FWD",61,318700,-11
"360","George Hewett","SYD","MID",61,374700,-34
"361","Josh Caddy","RIC","MID",61,335100,-34
"362","Nick Blakey","SYD","MID",61,318700,-34
"363","James Sicily","HAW","DEF",60,552900,-20
"364","Steven May","MEL","DEF",60,507900,-20
"365","Bachar Houli","RIC","DEF",60,465600,-20
"366","Zac Williams","CAR","DEF",60,458600,-20
"367","Tom Doedee","ADE","DEF",60,457900,-20
"368","Trent Rivers","MEL","DEF",60,350400,-20
"369","Nathan Broad","RIC","DEF",60,349200,-20
"370","Taylor Duryea","WBD","DEF",60,342200,-20
"371","Easton Wood","WBD","DEF",60,297700,-20
"372","Rowan Marshall","STK","FWD",60,557200,-12
"373","Michael Walters","FRE","FWD",60,531100,-12
"374","Rory Lobb","FRE","FWD",60,415000,-12
"375","Taylor Duryea","WBD","FWD",60,342200,-12
"376","Alex Sexton","GCS","FWD",60,330000,-12
"377","Josh Thomas","COL","FWD",60,305800,-12
"378","Mitch Duncan","GEE","MID",60,556700,-35
"379","Michael Walters","FRE","MID",60,531100,-35
"380","Dion Prestia","RIC","MID",60,446800,-35
"381","Mitchell Hinge","ADE","MID",60,328800,-35
"382","Quinton Narkle","GEE","MID",60,310400,-35
"383","Brayden Fiorini","GCS","MID",60,301700,-35
"384","Rowan Marshall","STK","RUC",60,557200,-27
"385","Paddy Ryder","STK","RUC",60,505900,-27
"386","Jarrod Witts","GCS","RUC",60,501600,-27
"387","Sean Darcy","FRE","RUC",60,420100,-27
"388","Rory Lobb","FRE","RUC",60,415000,-27
"389","Cale Hooker","ESS","DEF",59,372700,-21
"390","Andrew McPherson","ADE","DEF",59,368300,-21
"391","Charlie Ballard","GCS","DEF",59,307600,-21
"392","Brandon Starcevich","BRI","DEF",59,307300,-21
"393","Martin Gleeson","ESS","DEF",59,293400,-21
"394","Phil Davis","GWS","DEF",59,290700,-21
"395","Sam Simpson","GEE","FWD",59,350600,-13
"396","Bailey Scott","NME","FWD",59,332300,-13
"397","Daniel Lloyd","GWS","FWD",59,330900,-13
"398","Nick Holman","GCS","FWD",59,328600,-13
"399","Max King","STK","FWD",59,327400,-13
"400","Sydney Stack","RIC","FWD",59,277600,-13
"401","Bailey Scott","NME","MID",59,332300,-36
"402","Sydney Stack","RIC","MID",59,277600,-36
"403","Sam Draper","ESS","RUC",59,378100,-28
"404","Adam Tomlinson","MEL","DEF",58,324000,-22
"405","Lachie Ash","GWS","DEF",58,320600,-22
"406","Michael Hartley","HAW","DEF",58,317800,-22
"407","Tom Williamson","CAR","DEF",58,313400,-22
"408","Wayne Milera","ADE","DEF",58,312200,-22
"409","Jordan Roughead","COL","DEF",58,311300,-22
"410","James Frawley","STK","DEF",58,295900,-22
"411","Dean Kent","STK","FWD",58,335200,-14
"412","Aaron Naughton","WBD","FWD",58,329700,-14
"413","Harry McKay","CAR","FWD",58,319900,-14
"414","Ed Richards","WBD","FWD",58,309300,-14
"415","Ben King","GCS","FWD",58,298700,-14
"416","Adam Tomlinson","MEL","MID",58,324000,-37
"417","Ed Richards","WBD","MID",58,309300,-37
"418","Lachlan Sholl","ADE","DEF",57,343200,-23
"419","Jake Kolodjashnij","GEE","DEF",57,330200,-23
"420","Aaron Francis","ESS","DEF",57,320300,-23
"421","Daniel McStay","BRI","FWD",57,333800,-15
"422","Josh Jenkins","GEE","FWD",57,323400,-15
"423","Eddie Betts","CAR","FWD",57,308800,-15
"424","Tyson Stengle","ADE","FWD",57,305300,-15
"425","Ben Brown","MEL","FWD",57,260300,-15
"426","Darcy Tucker","FRE","MID",57,347900,-38
"427","Lachlan Sholl","ADE","MID",57,343200,-38
"428","Riley Bonner","POR","DEF",56,318200,-24
"429","Sam Frost","HAW","DEF",56,304900,-24
"430","Jarrod Lienert","POR","DEF",56,289200,-24
"431","Todd Marshall","POR","FWD",56,377400,-16
"432","Jake Aarts","RIC","FWD",56,329400,-16
"433","Tom McCartin","SYD","FWD",56,312800,-16
"434","Josh Bruce","WBD","FWD",56,275000,-16
"435","Tom Cutler","ESS","MID",56,364700,-39
"436","Connor Blakely","FRE","MID",56,295000,-39
"437","Nic Newman","CAR","DEF",55,415400,-25
"438","Matt Guelfi","ESS","DEF",55,324300,-25
"439","Jack Lonie","STK","FWD",55,351200,-17
"440","Lachlan Murphy","ADE","FWD",55,328600,-17
"441","Tom Atkins","GEE","FWD",55,293500,-17
"442","Jackson Hately","ADE","MID",55,310300,-40
"443","Ben McKay","NME","DEF",54,333600,-26
"444","Lachie Fogarty","CAR","FWD",54,319100,-18
"445","Alex Neal-Bullen","MEL","FWD",54,310100,-18
"446","Shaun McKernan","STK","FWD",54,245900,-18
"447","Brayden Sier","COL","MID",54,313800,-41
"448","Charlie Constable","GEE","MID",54,266500,-41
"449","Josh Rotham","WCE","DEF",53,331500,-27
"450","Lewis Melican","SYD","DEF",53,324700,-27
"451","Dylan Clarke","ESS","FWD",53,348600,-19
"452","Lin Jong","WBD","FWD",53,318100,-19
"453","Curtis Taylor","NME","FWD",53,315800,-19
"454","Jake Stringer","ESS","FWD",53,282600,-19
"455","Dylan Clarke","ESS","MID",53,348600,-42
"456","Dylan Stephens","SYD","MID",53,337800,-42
"457","Lin Jong","WBD","MID",53,318100,-42
"458","Adam Kennedy","GWS","MID",53,300900,-42
"459","Ryan Burton","POR","DEF",52,318800,-28
"460","Kane Farrell","POR","FWD",52,309200,-20
"461","Sam Weideman","MEL","FWD",52,303800,-20
"462","James Stewart","ESS","FWD",52,295000,-20
"463","Darcy Fogarty","ADE","FWD",52,286400,-20
"464","Kane Farrell","POR","MID",52,309200,-43
"465","Tom De Koning","CAR","RUC",52,305500,-35
"466","Zaine Cordy","WBD","DEF",51,313700,-29
"467","Connor Budarick","GCS","DEF",51,256500,-29
"468","Bailey Dale","WBD","FWD",51,298500,-21
"469","Mitch Crowden","FRE","FWD",51,295500,-21
"470","Jack Ross","RIC","MID",51,333100,-44
"471","Tyler Brown","COL","MID",51,311000,-44
"472","Mabior Chol","RIC","RUC",51,327200,-36
"473","Noah Answerth","BRI","DEF",50,304500,-30
"474","Daniel Howe","HAW","DEF",50,280500,-30
"475","Jake Riccardi","GWS","FWD",50,336500,-22
"476","Harry Schoenberg","ADE","FWD",50,315600,-22
"477","Dylan Moore","HAW","FWD",50,302300,-22
"478","Laitham Vandermeer","WBD","FWD",50,278900,-22
"479","Daniel Howe","HAW","MID",50,280500,-45
"480","Laitham Vandermeer","WBD","MID",50,278900,-45
"481","David Astbury","RIC","DEF",49,400400,-31
"482","Tobe Watson","FRE","DEF",49,303700,-31
"483","Colin O'Riordan","SYD","DEF",49,268000,-31
"484","Mabior Chol","RIC","FWD",49,327200,-23
"485","Jake Waterman","WCE","FWD",49,323600,-23
"486","Hayden McLean","SYD","FWD",49,317000,-23
"487","Bobby Hill","GWS","FWD",49,287200,-23
"488","Mitch McGovern","CAR","FWD",49,283900,-23
"489","Kysaiah Pickett","MEL","FWD",49,256400,-23
"490","Brayden Ham","ESS","MID",49,277800,-46
"491","Chayce Jones","ADE","MID",49,236800,-46
"492","Sam Taylor","GWS","DEF",48,323400,-32
"493","Jay Lockhart","MEL","DEF",48,289600,-32
"494","Isaac Cumming","GWS","DEF",48,288000,-32
"495","Kyron Hayden","NME","DEF",48,281400,-32
"496","Brandon Zerk-Thatcher","ESS","DEF",48,255200,-32
"497","Mason Cox","COL","FWD",48,312200,-24
"498","Nick Larkey","NME","FWD",48,263800,-24
"499","Braydon Preuss","GWS","RUC",48,303000,-39
"500","Archie Smith","BRI","RUC",48,217100,-39
"501","Sam Wicks","SYD","FWD",47,316200,-25
"502","Jayden Laverde","ESS","FWD",47,308000,-25
"503","Roarke Smith","WBD","FWD",47,281400,-25
"504","Roarke Smith","WBD","MID",47,281400,-48
"505","Levi Greenwood","COL","MID",47,276800,-48
"506","Hayden Young","FRE","DEF",46,279400,-34
"507","Charlie Spargo","MEL","FWD",46,298200,-26
"508","Mitch Hannan","WBD","FWD",46,283600,-26
"509","Will Walker","NME","FWD",46,244500,-26
"510","Will Walker","NME","MID",46,244500,-49
"511","Luke Jackson","MEL","FWD",45,312500,-27
"512","Lance Franklin","SYD","FWD",45,312000,-27
"513","Darcy Cameron","COL","FWD",45,302900,-27
"514","Jarrod Brander","WCE","FWD",45,295500,-27
"515","Tarryn Thomas","NME","FWD",45,290100,-27
"516","Bailey Banfield","FRE","FWD",45,288200,-27
"517","Mitch Brown","MEL","FWD",45,280500,-27
"518","Travis Colyer","FRE","FWD",45,275800,-27
"519","Jack Mahony","NME","FWD",45,271900,-27
"520","Tom Sparrow","MEL","MID",45,337200,-50
"521","Jarrod Brander","WCE","MID",45,295500,-50
"522","Oskar Baker","MEL","MID",45,290100,-50
"523","Jack Payne","BRI","DEF",44,255100,-36
"524","Matt Taberner","FRE","FWD",44,403000,-28
"525","Rhylee West","WBD","FWD",44,278000,-28
"526","Sam Gray","SYD","FWD",44,276300,-28
"527","Lewis Taylor","SYD","FWD",44,265600,-28
"528","Bradley Close","GEE","FWD",44,257200,-28
"529","Jack Bytel","STK","MID",44,280500,-51
"530","Caleb Graham","GCS","DEF",43,284800,-37
"531","Ryan Gardner","WBD","DEF",43,232800,-37
"532","Josh Corbett","GCS","FWD",43,273200,-29
"533","Sam Sturt","FRE","FWD",43,265100,-29
"534","Jacob Townsend","GCS","FWD",43,238200,-29
"535","James Bell","SYD","FWD",42,267300,-30
"536","Brayden Ainsworth","WCE","FWD",42,253900,-30
"537","Oliver Hanrahan","HAW","FWD",42,237200,-30
"538","Brayden Ainsworth","WCE","MID",42,253900,-53
"539","Jack Buckley","GWS","DEF",41,223800,-39
"540","Billy Frampton","ADE","FWD",41,286100,-31
"541","Ben Ronke","SYD","FWD",41,275600,-31
"542","Taylor Garner","NME","FWD",41,267400,-31
"543","Matthew Cottrell","CAR","MID",41,262200,-54
"544","Jack Buckley","GWS","MID",41,223800,-54
"545","Kaiden Brand","SYD","DEF",40,245000,-40
"546","Tom J. Lynch","RIC","FWD",40,366700,-32
"547","Joel Smith","MEL","DEF",39,211100,-41
"548","Harry Himmelberg","GWS","FWD",39,355300,-33
"549","Aiden Bonar","NME","DEF",38,245400,-42
"550","Callum L. Brown","COL","FWD",38,349600,-34
"551","Josh J. Kennedy","WCE","FWD",38,346200,-34
"552","Keidean Coleman","BRI","FWD",38,299800,-34
"553","Boyd Woodcock","POR","FWD",38,261100,-34
"554","Ned McHenry","ADE","FWD",38,212900,-34
"555","Will Hamill","ADE","DEF",37,210900,-43
"556","Cameron Ellis-Yolmen","BRI","FWD",37,337800,-35
"557","Irving Mosquito","ESS","FWD",37,264700,-35
"558","Jack Silvagni","CAR","FWD",37,257400,-35
"559","Jack Petruccelle","WCE","FWD",37,217100,-35
"560","Cameron Ellis-Yolmen","BRI","MID",37,337800,-58
"561","Matt de Boer","GWS","MID",37,303700,-58
"562","Will Hayes","WBD","MID",37,249300,-58
"563","Nick Hind","ESS","FWD",36,331000,-36
"564","Tristan Xerri","NME","FWD",36,265900,-36
"565","Josh Schache","WBD","FWD",36,214400,-36
"566","Xavier O'Halloran","GWS","MID",36,227500,-59
"567","Kyle Hartigan","HAW","DEF",35,314300,-45
"568","Connor Idun","GWS","DEF",35,214900,-45
"569","Mitch Georgiades","POR","FWD",35,317000,-37
"570","Jesse Hogan","GWS","FWD",34,310800,-38
"571","Charlie Curnow","CAR","FWD",34,294600,-38
"572","Sean Lemmens","GCS","FWD",34,253400,-38
"573","Willem Drew","POR","MID",34,310800,-61
"574","Marty Hore","MEL","DEF",33,303600,-47
"575","Lachlan Schultz","FRE","FWD",33,298000,-39
"576","Sam Switkowski","FRE","FWD",33,279400,-39
"577","Aaron vandenBerg","MEL","MID",33,301300,-62
"578","Joel Hamling","FRE","DEF",32,271000,-48
"579","Marcus Adams","BRI","DEF",32,250400,-48
"580","Willie Rioli","WCE","FWD",32,296600,-40
"581","Tom Hickey","SYD","RUC",32,261100,-55
"582","Zac Smith","GCS","RUC",31,216000,-56
"583","Caleb Marchbank","CAR","DEF",30,275400,-50
"584","Rory Atkins","GCS","MID",30,244200,-65
"585","Daniel McKenzie","STK","DEF",29,222300,-51
"586","Nathan Vardy","WCE","RUC",29,228600,-58
"587","Kayne Turner","NME","FWD",28,260800,-44
"588","Jordan Murdoch","GCS","DEF",27,253000,-53
"589","Matt Buntine","GWS","DEF",26,225900,-54
"590","Thomas Berry","BRI","FWD",26,235500,-46
"591","Xavier O'Neill","WCE","FWD",26,233200,-46
"592","Matt Buntine","GWS","FWD",26,225900,-46
"593","Xavier O'Neill","WCE","MID",26,233200,-69
"594","Alex Pearce","FRE","DEF",25,235600,-55
"595","Jack Hombsch","GCS","DEF",25,230200,-55
"596","Patrick Ambrose","ESS","DEF",25,217800,-55
"597","Zac Langdon","WCE","FWD",25,224900,-47
"598","Chris Burgess","GCS","DEF",22,210000,-58
"599","Cameron Rayner","BRI","FWD",20,392900,-52
"600","Sam J. Reid","GWS","DEF",18,297300,-62
"601","Harrison Petty","MEL","DEF",0,228200,-80
"602","Peter Wright","ESS","FWD",0,292300,-72
"603","Harrison Petty","MEL","FWD",0,228200,-72
"604","Matt Flynn","GWS","RUC",75,123900,-12
"605","Paddy Dow","CAR","FWD",70,202400,-2
"606","Paddy Dow","CAR","MID",70,202400,-25
"607","Braeden Campbell","SYD","FWD",64,189300,-8
"608","Braeden Campbell","SYD","MID",64,189300,-31
"609","Tom Powell","NME","MID",64,153300,-31
"610","Chad Warner","SYD","FWD",62,144000,-10
"611","Jordon Butts","ADE","DEF",58,176800,-22
"612","Nikolas Cox","ESS","DEF",58,175800,-22
"613","Archie Perkins","ESS","FWD",58,171300,-14
"614","Miles Bergman","POR","FWD",58,123900,-14
"615","Tyler Brockman","HAW","FWD",58,117300,-14
"616","Tom Fullarton","BRI","FWD",58,128900,-14
"617","James Rowe","ADE","FWD",58,117300,-14
"618","Archie Perkins","ESS","MID",58,171300,-37
"619","Tyler Brockman","HAW","MID",58,117300,-37
"620","Tom Fullarton","BRI","RUC",58,128900,-29
"621","Lloyd Meek","FRE","RUC",58,123900,-29
"622","Lachlan Jones","POR","DEF",53,139800,-27
"623","Thomas Highmore","STK","DEF",53,117300,-27
"624","Riley Thilthorpe","ADE","FWD",53,202800,-19
"625","Harrison Jones","ESS","FWD",53,123900,-19
"626","Alex Waterman","ESS","FWD",53,102400,-19
"627","James Jordon","MEL","MID",53,123900,-42
"628","Errol Gulden","SYD","MID",53,117300,-42
"629","Connor Downie","HAW","MID",53,117300,-42
"630","Riley Thilthorpe","ADE","RUC",53,202800,-34
"631","Jacob Koschitzke","HAW","DEF",48,123900,-32
"632","Lachie Young","NME","DEF",40,202000,-40
"633","Heath Chapman","FRE","DEF",40,148800,-40
"634","Trent Bianco","COL","DEF",40,123900,-40
"635","Will Gould","SYD","DEF",40,123900,-40
"636","Kieren Briggs","GWS","DEF",40,123900,-40
"637","Martin Frederick","POR","DEF",40,123900,-40
"638","Jacob Wehr","GWS","DEF",40,117300,-40
"639","Logan McDonald","SYD","FWD",40,193800,-32
"640","Deven Robertson","BRI","FWD",40,176800,-32
"641","Oliver Henry","COL","FWD",40,135300,-32
"642","Finlay Macrae","COL","FWD",40,126300,-32
"643","Ely Smith","BRI","FWD",40,123900,-32
"644","Kieren Briggs","GWS","FWD",40,123900,-32
"645","Corey Durdin","CAR","FWD",40,117200,-32
"646","Josh Treacy","FRE","FWD",40,102400,-32
"647","Lachie Young","NME","MID",40,202000,-55
"648","Will Phillips","NME","MID",40,198300,-55
"649","Tanner Bruhn","GWS","MID",40,157800,-55
"650","Oliver Henry","COL","MID",40,135300,-55
"651","Finlay Macrae","COL","MID",40,126300,-55
"652","Ely Smith","BRI","MID",40,123900,-55
"653","Hugo Ralphsmith","RIC","MID",40,123900,-55
"654","Riley Collier-Dawkins","RIC","MID",40,123900,-55
"655","Jackson Mead","POR","MID",40,123900,-55
"656","Sam Berry","ADE","MID",40,117300,-55
"657","Corey Durdin","CAR","MID",40,117300,-55
"658","Keegan Brooksby","HAW","RUC",40,206900,-47
"659","Josh Treacy","FRE","RUC",40,102400,-47
"660","Isaac Chugg","COL","DEF",30,102400,-50
"661","Isaac Chugg","COL","FWD",30,102400,-42
"662","Luke Valente","FRE","MID",30,123900,-65
"663","Connor Menadue","NME","DEF",0,201500,-80
"664","Jake Stein","GWS","DEF",0,200100,-80
"665","Fischer Mcasey","ADE","DEF",0,199300,-80
"666","Lewis Young","WBD","DEF",0,198300,-80
"667","Flynn Perez","NME","DEF",0,193400,-80
"668","Louis Butler","WBD","DEF",0,191800,-80
"669","Joel Garner","POR","DEF",0,189900,-80
"670","Ryan Garthwaite","RIC","DEF",0,188000,-80
"671","Liam Stocker","CAR","DEF",0,186500,-80
"672","Neville Jetta","MEL","DEF",0,186300,-80
"673","Denver Grainger-Barras","HAW","DEF",0,184800,-80
"674","Tyson Goldsack","POR","DEF",0,182000,-80
"675","Zach Guthrie","GEE","DEF",0,180500,-80
"676","Darragh Joyce","STK","DEF",0,177300,-80
"677","Zach Reid","ESS","DEF",0,166800,-80
"678","Matthew Ling","SYD","DEF",0,163000,-80
"679","Kade Chandler","MEL","DEF",0,161200,-80
"680","Mark Keane","COL","DEF",0,158000,-80
"681","Dylan Roberton","STK","DEF",0,139700,-80
"682","Ben Jarvis","GEE","DEF",0,139200,-80
"683","Luke Foley","WCE","DEF",0,127900,-80
"684","James Madden","BRI","DEF",0,123900,-80
"685","Rory Thompson","GCS","DEF",0,123900,-80
"686","Barry O'Connor","SYD","DEF",0,123900,-80
"687","Ben Johnson","WCE","DEF",0,123900,-80
"688","Ben Miller","RIC","DEF",0,123900,-80
"689","Brock Smith","BRI","DEF",0,123900,-80
"690","Buku Khamis","WBD","DEF",0,123900,-80
"691","Callum M. Brown","GWS","DEF",0,123900,-80
"692","Cian McBride","ESS","DEF",0,123900,-80
"693","Harry Edwards","WCE","DEF",0,123900,-80
"694","Harry Pepper","HAW","DEF",0,123900,-80
"695","Jake Pasini","POR","DEF",0,123900,-80
"696","Jaxon Prior","BRI","DEF",0,123900,-80
"697","Jez McLennan","GCS","DEF",0,123900,-80
"698","Josh Worrell","ADE","DEF",0,123900,-80
"699","Lachlan Gollant","ADE","DEF",0,123900,-80
"700","Leno Thomas","FRE","DEF",0,123900,-80
"701","Leo Connolly","STK","DEF",0,123900,-80
"702","Luke Towey","GCS","DEF",0,123900,-80
"703","Matt McGuinness","NME","DEF",0,123900,-80
"704","Nathan Murphy","COL","DEF",0,123900,-80
"705","Oscar Clavarino","STK","DEF",0,123900,-80
"706","Ross McQuillan","ESS","DEF",0,123900,-80
"707","Sam De Koning","GEE","DEF",0,123900,-80
"708","Stefan Okunbor","GEE","DEF",0,123900,-80
"709","Bailey Laurie","MEL","DEF",0,117300,-80
"710","Beau McCreery","COL","DEF",0,117300,-80
"711","Brandon Walker","FRE","DEF",0,117300,-80
"712","Cameron Fleeton","GWS","DEF",0,117300,-80
"713","Cody Brand","ESS","DEF",0,117300,-80
"714","Harry Sharp","BRI","DEF",0,117300,-80
"715","Isiah Winder","WCE","DEF",0,117300,-80
"716","Joshua Eyre","ESS","DEF",0,117300,-80
"717","Blake Coleman","BRI","DEF",0,117200,-80
"718","Nick Stevens","GEE","DEF",0,117200,-80
"719","Aiden Fyfe","GCS","DEF",0,102400,-80
"720","Deividas Uosis","BRI","DEF",0,102400,-80
"721","James Borlase","ADE","DEF",0,102400,-80
"722","Joel Jeffrey","GCS","DEF",0,102400,-80
"723","Luke Parks","CAR","DEF",0,102400,-80
"724","Malachy Carruthers","SYD","DEF",0,102400,-80
"725","Patrick Walker","NME","DEF",0,102400,-80
"726","Rhys Nicholls","GCS","DEF",0,102400,-80
"727","Will Shaw","GWS","DEF",0,102400,-80
"728","Jamarra Ugle-Hagan","WBD","FWD",0,207300,-72
"729","Trey Ruscoe","COL","FWD",0,206800,-72
"730","Mitch Lewis","HAW","FWD",0,199500,-72
"731","Ben Cavarra","WBD","FWD",0,194900,-72
"732","Bailey J. Williams","WCE","FWD",0,193400,-72
"733","Conor Nash","HAW","FWD",0,193400,-72
"734","Sam Flanders","GCS","FWD",0,192300,-72
"735","Ben Davis","ADE","FWD",0,191800,-72
"736","Jonathon Patton","HAW","FWD",0,189800,-72
"737","Liam Henry","FRE","FWD",0,184500,-72
"738","Jy Farrar","GCS","FWD",0,184300,-72
"739","Jamaine Jones","WCE","FWD",0,182400,-72
"740","Elijah Hollands","GCS","FWD",0,180300,-72
"741","Daniel Venables","WCE","FWD",0,179900,-72
"742","Minairo Frederick","FRE","FWD",0,175700,-72
"743","Atu Bosenavulagi","NME","FWD",0,175500,-72
"744","Cody Weightman","WBD","FWD",0,173700,-72
"745","Sam Philp","CAR","FWD",0,171100,-72
"746","Jayden Hunt","MEL","FWD",0,163300,-72
"747","Ned Cahill","ESS","FWD",0,161200,-72
"748","Callum Coleman-Jones","RIC","FWD",0,161200,-72
"749","Kade Chandler","MEL","FWD",0,161200,-72
"750","Mark Hutchings","WCE","FWD",0,157600,-72
"751","Tom Campbell","NME","FWD",0,154700,-72
"752","Jarrod Cameron","WCE","FWD",0,153700,-72
"753","Kieran Strachan","ADE","FWD",0,146700,-72
"754","Connor Ballenden","BRI","FWD",0,146100,-72
"755","Josh Morris","HAW","FWD",0,145100,-72
"756","Conor Stone","GWS","FWD",0,144300,-72
"757","Ben Jarvis","GEE","FWD",0,139200,-72
"758","Toby Bedford","MEL","FWD",0,137000,-72
"759","Will Kelly","COL","FWD",0,135400,-72
"760","Tom Hutchesson","GWS","FWD",0,135400,-72
"761","Dylan Williams","POR","FWD",0,123900,-72
"762","James Madden","BRI","FWD",0,123900,-72
"763","Anton Tohill","COL","FWD",0,123900,-72
"764","Barry O'Connor","SYD","FWD",0,123900,-72
"765","Cameron Taheny","GEE","FWD",0,123900,-72
"766","Connor McFadyen","BRI","FWD",0,123900,-72
"767","Emerson Jeka","HAW","FWD",0,123900,-72
"768","Francis Evans","GEE","FWD",0,123900,-72
"769","Lachlan Johnson","ESS","FWD",0,123900,-72
"770","Leno Thomas","FRE","FWD",0,123900,-72
"771","Malcolm Rosas","GCS","FWD",0,123900,-72
"772","Matthew Owies","CAR","FWD",0,123900,-72
"773","Max Lynch","COL","FWD",0,123900,-72
"774","Max Lynch","COL","FWD",0,123900,-72
"775","Nakia Cockatoo","BRI","FWD",0,123900,-72
"776","Nathan Kreuger","GEE","FWD",0,123900,-72
"777","Noah Cumberland","RIC","FWD",0,123900,-72
"778","Oscar Brownless","GEE","FWD",0,123900,-72
"779","Patrick Murtagh","GCS","FWD",0,123900,-72
"780","Ross McQuillan","ESS","FWD",0,123900,-72
"781","Stefan Okunbor","GEE","FWD",0,123900,-72
"782","Tom Wilson","COL","FWD",0,123900,-72
"783","Trent Burgoyne","POR","FWD",0,123900,-72
"784","Zach Sproule","GWS","FWD",0,123900,-72
"785","Max Holmes","GEE","FWD",0,121800,-72
"786","Beau McCreery","COL","FWD",0,117300,-72
"787","Brayden Cook","ADE","FWD",0,117300,-72
"788","Caleb Poulter","COL","FWD",0,117300,-72
"789","Dominic Bedendo","WBD","FWD",0,117300,-72
"790","Eddie Ford","NME","FWD",0,117300,-72
"791","Fraser Rosman","MEL","FWD",0,117300,-72
"792","Jake Bowey","MEL","FWD",0,117300,-72
"793","Joshua Eyre","ESS","FWD",0,117300,-72
"794","Liam McMahon","COL","FWD",0,117300,-72
"795","Matthew Allison","STK","FWD",0,117300,-72
"796","Maurice Rioli","RIC","FWD",0,117300,-72
"797","Ollie Lord","POR","FWD",0,117300,-72
"798","Phoenix Spicer","NME","FWD",0,117300,-72
"799","Reef McInnes","COL","FWD",0,117300,-72
"800","Seamus Mitchell","HAW","FWD",0,117300,-72
"801","Blake Coleman","BRI","FWD",0,117200,-72
"802","Jack Carroll","CAR","FWD",0,117200,-72
"803","Jack Ginnivan","COL","FWD",0,102400,-72
"804","Jack Saunders","HAW","FWD",0,102400,-72
"805","Joel Jeffrey","GCS","FWD",0,102400,-72
"806","Marc Sheather","SYD","FWD",0,102400,-72
"807","Lewis Young","WBD","MID",0,198300,-95
"808","Finn Maginness","HAW","MID",0,195600,-95
"809","Ben Cavarra","WBD","MID",0,194900,-95
"810","Flynn Perez","NME","MID",0,193400,-95
"811","Jamaine Jones","WCE","MID",0,182400,-95
"812","Lochie O'Brien","CAR","MID",0,180500,-95
"813","Patrick Naish","RIC","MID",0,180500,-95
"814","Zach Reid","ESS","MID",0,166800,-95
"815","Luke Pedlar","ADE","MID",0,162300,-95
"816","Mark Hutchings","WCE","MID",0,157600,-95
"817","Thomson Dow","RIC","MID",0,146100,-95
"818","Jeremy Sharp","GCS","MID",0,141800,-95
"819","Tom Hutchesson","GWS","MID",0,135400,-95
"820","Ryan Angwin","GWS","MID",0,130800,-95
"821","Dylan Williams","POR","MID",0,123900,-95
"822","Ryan Byrnes","STK","MID",0,123900,-95
"823","Stefan Giro","FRE","MID",0,123900,-95
"824","Aaron Nietschke","MEL","MID",0,123900,-95
"825","Brock Smith","BRI","MID",0,123900,-95
"826","Brodie Kemp","CAR","MID",0,123900,-95
"827","Cooper Stephens","GEE","MID",0,123900,-95
"828","Francis Evans","GEE","MID",0,123900,-95
"829","Harry Edwards","WCE","MID",0,123900,-95
"830","Jake Pasini","POR","MID",0,123900,-95
"831","Jay Rantall","COL","MID",0,123900,-95
"832","Josh Honey","CAR","MID",0,123900,-95
"833","Lachlan Johnson","ESS","MID",0,123900,-95
"834","Nakia Cockatoo","BRI","MID",0,123900,-95
"835","Nick Shipley","GWS","MID",0,123900,-95
"836","Noah Cumberland","RIC","MID",0,123900,-95
"837","Riley Garcia","WBD","MID",0,123900,-95
"838","Ronin O'Connor","ADE","MID",0,123900,-95
"839","Sam Ramsay","CAR","MID",0,123900,-95
"840","Tom Hird","ESS","MID",0,123900,-95
"841","Tom Joyce","BRI","MID",0,123900,-95
"842","Tom Wilson","COL","MID",0,123900,-95
"843","Trent Burgoyne","POR","MID",0,123900,-95
"844","Will Martyn","RIC","MID",0,123900,-95
"845","Max Holmes","GEE","MID",0,121800,-95
"846","Charlie Lazzaro","NME","MID",0,117300,-95
"847","Henry Smith","BRI","MID",0,117300,-95
"848","Isiah Winder","WCE","MID",0,117300,-95
"849","Joel Western","FRE","MID",0,117300,-95
"850","Luke Edwards","WCE","MID",0,117300,-95
"851","Nathan O'Driscoll","FRE","MID",0,117300,-95
"852","Reef McInnes","COL","MID",0,117300,-95
"853","Jack Carroll","CAR","MID",0,117200,-95
"854","Alex Davies","GCS","MID",0,102400,-95
"855","Carter Michael","BRI","MID",0,102400,-95
"856","Hawego Paul Oea","GCS","MID",0,102400,-95
"857","Jack Ginnivan","COL","MID",0,102400,-95
"858","Jack Saunders","HAW","MID",0,102400,-95
"859","Lachlan McNeil","WBD","MID",0,102400,-95
"860","Taj Schofield","POR","MID",0,102400,-95
"861","Tariek Newchurch","ADE","MID",0,102400,-95
"862","Zane Trew","WCE","MID",0,102400,-95
"863","Zane Trew","WCE","MID",0,102400,-95
"864","Joel Amartey","SYD","RUC",0,195600,-87
"865","Bailey J. Williams","WCE","RUC",0,193400,-87
"866","Callum Coleman-Jones","RIC","RUC",0,161200,-87
"867","Tom Campbell","NME","RUC",0,154700,-87
"868","Kieran Strachan","ADE","RUC",0,146700,-87
"869","Austin Bradtke","MEL","RUC",0,123900,-87
"870","Bigoa Nyuon","RIC","RUC",0,123900,-87
"871","Callum Jamieson","WCE","RUC",0,123900,-87
"872","Charlie Comben","NME","RUC",0,123900,-87
"873","Jordon Sweet","WBD","RUC",0,123900,-87
"874","Matt Conroy","GCS","RUC",0,123900,-87
"875","Max Lynch","COL","RUC",0,123900,-87
"876","Ned Reeves","HAW","RUC",0,123900,-87
"877","Nick Bryan","ESS","RUC",0,123900,-87
"878","Sam Hayes","POR","RUC",0,123900,-87
"879","Sam Alabakis","STK","RUC",0,123900,-87
"880","Henry Smith","BRI","RUC",0,117300,-87
"881","Samson Ryan","RIC","RUC",0,117300,-87
"882","Shannon Neale","GEE","RUC",0,117300,-87
"883","Mate Colina","RIC","RUC",0,102400,-87
"884","Paul Tsapatolis","GEE","RUC",0,102400,-87
