Name,Team,Position,Price,Proj_Score,Type
Max Gawn,MEL,RUC,751400,146,Normal
Lachie Neale,BRI,MID,721800,128,Normal
Brodie Grundy,COL,RUC,648200,125,Normal
Jake Lloyd,SYD,DEF,656400,120,Normal
Jack Steele,STK,MID,658000,120,Normal
Clayton Oliver,MEL,MID,656700,119,Normal
Patrick Dangerfield,GEE,FWD,611900,117,Normal
Jack Macrae,WBD,MID,650100,117,Normal
Patrick Dangerfield,GEE,MID,611900,117,Normal
Zach Merrett,ESS,MID,620900,116,Normal
Christian Petracca,MEL,MID,631400,115,Normal
Jarryd Lyons,BRI,MID,604600,112,Normal
Marcus Bontempelli,WBD,MID,623900,111,Normal
Nat Fyfe,FRE,MID,608300,111,Normal
Todd Goldstein,NME,RUC,601700,111,Normal
Josh Kelly,GWS,MID,615600,110,Normal
Tom Mitchell,HAW,MID,610000,109,Normal
Matt Crouch,ADE,MID,594700,109,Normal
Sam Menegola,GEE,MID,579000,109,Normal
Reilly O'Brien,ADE,RUC,570800,109,Normal
Travis Boak,POR,MID,590400,108,Normal
Nic Naitanui,WCE,RUC,593700,108,Normal
Rory Laird,ADE,DEF,564800,107,Normal
Luke Parker,SYD,MID,571100,107,Normal
Touk Miller,GCS,MID,569200,107,Normal
Rory Laird,ADE,MID,564800,107,Normal
Andrew Gaff,WCE,MID,570800,106,Normal
Tom Rockliff,POR,MID,573000,106,Normal
Luke Ryan,FRE,DEF,576500,105,Normal
Caleb Daniel,WBD,DEF,545500,105,Normal
Taylor Adams,COL,MID,588800,105,Normal
Dustin Martin,RIC,MID,541600,105,Normal
Patrick Cripps,CAR,MID,523700,105,Normal
Dustin Martin,RIC,FWD,541600,104,Normal
Hugh Greenwood,GCS,MID,567300,104,Normal
Cameron Guthrie,GEE,MID,554700,104,Normal
Stephen Coniglio,GWS,MID,528900,104,Normal
Tom Liberatore,WBD,MID,569900,103,Normal
Jed Anderson,NME,MID,562300,103,Normal
Hugh McCluggage,BRI,MID,545500,103,Normal
Sam Walsh,CAR,MID,543300,103,Normal
Tim English,WBD,RUC,551200,103,Normal
Lachie Whitfield,GWS,DEF,561600,102,Normal
Jordan Ridley,ESS,DEF,547700,102,Normal
Lachie Hunter,WBD,MID,618500,102,Normal
Ollie Wines,POR,MID,560600,102,Normal
Jayden Short,RIC,DEF,519300,101,Normal
Tom Stewart,GEE,DEF,538000,101,Normal
Tom Hawkins,GEE,FWD,568600,101,Normal
Adam Saad,CAR,DEF,526200,100,Normal
Scott Pendlebury,COL,MID,592200,100,Normal
Andrew Brayshaw,FRE,MID,544200,100,Normal
Matt Rowell,GCS,MID,495100,100,Normal
Jeremy Howe,COL,DEF,517900,99,Normal
Callum Mills,SYD,DEF,544800,99,Normal
Steele Sidebottom,COL,FWD,588000,99,Normal
Steele Sidebottom,COL,MID,588000,99,Normal
Dylan Shiel,ESS,MID,548000,99,Normal
Dayne Zorko,BRI,FWD,525800,98,Normal
Adam Treloar,WBD,MID,587600,98,Normal
Dayne Zorko,BRI,MID,525800,98,Normal
Tim Taranto,GWS,MID,453700,98,Normal
Brayden Maynard,COL,DEF,549900,97,Normal
Jack Crisp,COL,DEF,533200,97,Normal
Luke McDonald,NME,DEF,512900,97,Normal
Josh Dunkley,WBD,FWD,560200,97,Normal
Josh Dunkley,WBD,MID,560200,97,Normal
Nick Haynes,GWS,DEF,528400,96,Normal
Sam Docherty,CAR,DEF,496000,96,Normal
Trent Dumont,NME,MID,543300,96,Normal
Tim Kelly,WCE,MID,517400,96,Normal
Shaun Higgins,GEE,MID,510400,96,Normal
David Mundy,FRE,MID,502000,96,Normal
Jy Simpkin,NME,MID,499700,96,Normal
Jack Viney,MEL,MID,534900,95,Normal
Josh P. Kennedy,SYD,MID,513500,95,Normal
Harry Perryman,GWS,MID,505000,95,Normal
Bailey Smith,WBD,MID,494600,95,Normal
Ed Curnow,CAR,MID,512600,94,Normal
Brad Crouch,STK,MID,448600,94,Normal
Mark Blicavs,GEE,DEF,531600,93,Normal
Shannon Hurn,WCE,DEF,477800,93,Normal
Robbie Gray,POR,FWD,491100,93,Normal
Mark Blicavs,GEE,MID,531600,93,Normal
Luke Shuey,WCE,MID,508600,93,Normal
Tom Green,GWS,MID,351400,93,Normal
Toby Nankervis,RIC,RUC,442900,93,Normal
Hunter Clark,STK,DEF,438900,92,Normal
Jacob Hopper,GWS,MID,488600,92,Normal
Elliot Yeo,WCE,MID,483000,92,Normal
Marc Murphy,CAR,MID,444700,92,Normal
Andrew McGrath,ESS,MID,510000,91,Normal
Brad Sheppard,WCE,DEF,492700,90,Normal
Dan Houston,POR,DEF,489300,90,Normal
Jack Billings,STK,MID,514800,90,Normal
Devon Smith,ESS,MID,458000,90,Normal
Joel Selwood,GEE,MID,445000,90,Normal
Daniel Rich,BRI,DEF,483100,89,Normal
Christian Salem,MEL,DEF,469100,89,Normal
Ed Langdon,MEL,MID,487300,89,Normal
Adam Cerra,FRE,MID,484800,89,Normal
Will Setterfield,CAR,MID,481900,89,Normal
Scott Lycett,POR,RUC,520700,89,Normal
Jarrod Berry,BRI,MID,521500,87,Normal
Dom Sheed,WCE,MID,478500,87,Normal
James Worpel,HAW,MID,474200,87,Normal
Sebastian Ross,STK,MID,417900,87,Normal
Rhys Stanley,GEE,RUC,551900,87,Normal
Ben McEvoy,HAW,RUC,456000,87,Normal
Jordan Dawson,SYD,DEF,485700,86,Normal
Nick Vlastuin,RIC,DEF,483500,86,Normal
Kyle Langford,ESS,FWD,436900,86,Normal
Jack Ziebell,NME,FWD,257900,86,Normal
Zak Jones,STK,MID,494700,86,Normal
Jaeger O'Meara,HAW,MID,488000,86,Normal
Rory Sloane,ADE,MID,471900,86,Normal
Kyle Langford,ESS,MID,436900,86,Normal
Robbie Tarrant,NME,DEF,463100,85,Normal
Brodie Smith,ADE,DEF,438200,85,Normal
Darcy Parish,ESS,MID,465800,85,Normal
Ben Cunnington,NME,MID,439800,85,Normal
Brodie Smith,ADE,MID,438200,85,Normal
Lachie Weller,GCS,MID,436500,85,Normal
Dane Rampe,SYD,DEF,492300,84,Normal
Ben McEvoy,HAW,DEF,456000,84,Normal
Liam Duggan,WCE,DEF,448600,84,Normal
Darcy Byrne-Jones,POR,DEF,441800,84,Normal
Shai Bolton,RIC,FWD,462400,84,Normal
Zac Bailey,BRI,FWD,420300,84,Normal
Liam Ryan,WCE,FWD,409600,84,Normal
Shai Bolton,RIC,MID,462400,84,Normal
Trent Cotchin,RIC,MID,443500,84,Normal
Zac Bailey,BRI,MID,420300,84,Normal
Dyson Heppell,ESS,MID,319100,84,Normal
Bailey Williams,WBD,DEF,452600,83,Normal
Trent McKenzie,POR,DEF,388300,83,Normal
Charlie Dixon,POR,FWD,498700,83,Normal
Zak Butters,POR,FWD,471400,83,Normal
Chad Wingard,HAW,FWD,452300,83,Normal
Jared Polec,NME,MID,477800,83,Normal
Angus Brayshaw,MEL,MID,435200,83,Normal
Liam Shiels,HAW,MID,420100,83,Normal
Oscar McInerney,BRI,RUC,443400,83,Normal
Jye Caldwell,ESS,FWD,348600,82,Normal
Toby Greene,GWS,FWD,448400,82,Normal
Kane Lambert,RIC,FWD,445900,82,Normal
Jack Gunston,HAW,FWD,438200,82,Normal
Tom Phillips,HAW,FWD,402600,82,Normal
Jeremy Cameron,GEE,FWD,388100,82,Normal
Jye Caldwell,ESS,MID,348600,82,Normal
Brandon Ellis,GCS,MID,450600,82,Normal
Mitch Robinson,BRI,MID,418800,82,Normal
Tom Phillips,HAW,MID,402600,82,Normal
Harris Andrews,BRI,DEF,469700,81,Normal
Alex Witherden,WCE,DEF,456100,81,Normal
Jack Bowes,GCS,DEF,451300,81,Normal
Hamish Hartlett,POR,DEF,421900,81,Normal
Sam Petrevski-Seton,CAR,DEF,401400,81,Normal
Jack Darling,WCE,FWD,434900,81,Normal
David Swallow,GCS,MID,438400,81,Normal
Ben Keays,ADE,MID,436200,81,Normal
Jason Johannisen,WBD,DEF,448300,80,Normal
Tom Barrass,WCE,DEF,447200,80,Normal
Jack Lukosius,GCS,DEF,430800,80,Normal
Josh Daicos,COL,MID,442200,80,Normal
Jack Sinclair,STK,MID,426600,80,Normal
Michael Hurley,ESS,DEF,431400,79,Normal
Noah Anderson,GCS,MID,411500,79,Normal
Marlion Pickett,RIC,MID,386500,79,Normal
Jeremy McGovern,WCE,DEF,462100,78,Normal
Nick Coffield,STK,DEF,426500,78,Normal
James Harmes,MEL,DEF,344700,78,Normal
Jack Martin,CAR,FWD,446300,78,Normal
Tom Papley,SYD,FWD,428600,78,Normal
Caleb Serong,FRE,MID,435600,78,Normal
Jack Redden,WCE,MID,377900,78,Normal
Hayden Crozier,WBD,DEF,409100,77,Normal
Michael Hibberd,MEL,DEF,378000,77,Normal
Tom Jonas,POR,DEF,373600,77,Normal
Dan Butler,STK,FWD,416900,77,Normal
Tom Lynch,ADE,FWD,407900,77,Normal
Brandan Parfitt,GEE,MID,455100,77,Normal
Jack Graham,RIC,MID,446400,77,Normal
Karl Amon,POR,MID,431400,77,Normal
Darcy Moore,COL,DEF,430200,76,Normal
Sam Collins,GCS,DEF,422500,76,Normal
Jake Lever,MEL,DEF,419400,76,Normal
Isaac Heeney,SYD,FWD,454500,76,Normal
Sam Powell-Pepper,POR,FWD,404500,76,Normal
Tim Membrey,STK,FWD,363700,76,Normal
Jade Gresham,STK,MID,438100,76,Normal
Oliver Florent,SYD,MID,408300,76,Normal
Sam Powell-Pepper,POR,MID,404500,76,Normal
Dom Tyson,NME,MID,243900,76,Normal
Shane Mumford,GWS,RUC,420700,76,Normal
Callum Sinclair,SYD,RUC,414100,76,Normal
Stefan Martin,WBD,RUC,272200,76,Normal
Jacob Weitering,CAR,DEF,410400,75,Normal
Harry Cunningham,SYD,DEF,410400,75,Normal
Oleg Markov,GCS,DEF,314300,75,Normal
Ben Ainsworth,GCS,FWD,406300,75,Normal
Jack Newnes,CAR,FWD,401700,75,Normal
Will Brodie,GCS,FWD,344900,75,Normal
Blake Acres,FRE,MID,453600,75,Normal
Callan Ward,GWS,MID,409900,75,Normal
Zach Tuohy,GEE,MID,405100,75,Normal
James Aish,FRE,MID,404600,75,Normal
Jack Newnes,CAR,MID,401700,75,Normal
Will Brodie,GCS,MID,344900,75,Normal
Liam Baker,RIC,DEF,419100,74,Normal
Shaun Atley,NME,DEF,404200,74,Normal
Luke Breust,HAW,FWD,428100,74,Normal
Charlie Cameron,BRI,FWD,395400,74,Normal
Mitch Wallis,WBD,FWD,379900,74,Normal
Marc Pittonet,CAR,RUC,421500,74,Normal
Callum Wilkie,STK,DEF,409000,73,Normal
Oscar Allen,WCE,FWD,422100,73,Normal
Isaac Smith,GEE,FWD,397600,73,Normal
Toby McLean,WBD,FWD,366700,73,Normal
Jack Riewoldt,RIC,FWD,344500,73,Normal
Paul Seedsman,ADE,MID,429800,73,Normal
Isaac Smith,GEE,MID,397600,73,Normal
Ivan Soldo,RIC,RUC,403000,73,Normal
Brennan Cox,FRE,DEF,433500,72,Normal
Jackson Nelson,WCE,DEF,397600,72,Normal
Jordan Clark,GEE,DEF,241800,72,Normal
Michael Gibbons,CAR,FWD,401500,72,Normal
Gryan Miers,GEE,FWD,387100,72,Normal
Jamie Cripps,WCE,FWD,373600,72,Normal
Will Snelling,ESS,FWD,368500,72,Normal
Levi Casboult,CAR,FWD,349900,72,Normal
James Rowbottom,SYD,MID,405600,72,Normal
Jordan Clark,GEE,MID,241800,72,Normal
Peter Ladhams,POR,RUC,460000,72,Normal
Ethan Hughes,FRE,DEF,381800,71,Normal
Blake Hardwick,HAW,DEF,373100,71,Normal
Dougal Howard,STK,DEF,355200,71,Normal
Shaun Burgoyne,HAW,FWD,378600,71,Normal
Connor Rozee,POR,FWD,377200,71,Normal
Shane Edwards,RIC,MID,416700,71,Normal
Jimmy Webster,STK,DEF,274000,70,Normal
Aaron Hall,NME,FWD,392200,70,Normal
David Zaharakis,ESS,FWD,351400,70,Normal
Sam Reid,SYD,FWD,328300,70,Normal
Jarman Impey,HAW,FWD,212800,70,Normal
James Cousins,HAW,MID,412600,70,Normal
Jonathon Ceglar,HAW,RUC,388100,70,Normal
Jack Scrimshaw,HAW,DEF,399600,69,Normal
John Noble,COL,DEF,393300,69,Normal
Dylan Grimes,RIC,DEF,382800,69,Normal
Aidan Corr,NME,DEF,381100,69,Normal
Mark O'Connor,GEE,DEF,380800,69,Normal
Jack Higgins,STK,FWD,419600,69,Normal
Eric Hipwood,BRI,FWD,391300,69,Normal
Luke Dahlhaus,GEE,FWD,375200,69,Normal
Brody Mihocek,COL,FWD,366000,69,Normal
Bayley Fritsch,MEL,FWD,359300,69,Normal
Luke Davies-Uniacke,NME,MID,432800,69,Normal
Xavier Duursma,POR,MID,398400,69,Normal
Kamdyn McIntosh,RIC,MID,381500,69,Normal
Orazio Fantasia,POR,DEF,271800,68,Normal
Nathan Wilson,FRE,DEF,395100,68,Normal
Liam Jones,CAR,DEF,387500,68,Normal
Luke Brown,ADE,DEF,363400,68,Normal
Jarryn Geary,STK,DEF,320400,68,Normal
Jake Kelly,ADE,DEF,309800,68,Normal
Joe Daniher,BRI,FWD,233300,68,Normal
Orazio Fantasia,POR,FWD,271800,68,Normal
Peter Ladhams,POR,FWD,460000,68,Normal
Gary Rohan,GEE,FWD,392200,68,Normal
Lincoln McCarthy,BRI,FWD,354600,68,Normal
Jeremy Finlayson,GWS,FWD,346700,68,Normal
Dan Hannebery,STK,MID,338500,68,Normal
Sam Naismith,SYD,RUC,376100,68,Normal
Robbie Fox,SYD,DEF,385700,67,Normal
Ben Long,STK,DEF,384100,67,Normal
Darcy Gardiner,BRI,DEF,362800,67,Normal
Lachie Plowman,CAR,DEF,354900,67,Normal
Stephen Hill,FRE,DEF,338000,67,Normal
Matthew Kennedy,CAR,FWD,437500,67,Normal
Anthony McDonald-Tipungwuti,ESS,FWD,370400,67,Normal
Jamie Elliott,COL,FWD,362700,67,Normal
Tom McDonald,MEL,FWD,323000,67,Normal
Darcy MacPherson,GCS,FWD,306700,67,Normal
Matthew Kennedy,CAR,MID,437500,67,Normal
Jamie Elliott,COL,MID,362700,67,Normal
Bradley Hill,STK,MID,354000,67,Normal
Ryan Lester,BRI,DEF,380200,66,Normal
Lachie Henderson,GEE,DEF,377700,66,Normal
Wil Powell,GCS,DEF,358900,66,Normal
Ben Paton,STK,DEF,344200,66,Normal
Aliir Aliir,POR,DEF,321200,66,Normal
Izak Rankine,GCS,FWD,371600,66,Normal
Will Hoskin-Elliott,COL,FWD,337500,66,Normal
Patrick Lipinski,WBD,MID,429800,66,Normal
Ryan Clarke,SYD,MID,407800,66,Normal
Callum Ah Chee,BRI,DEF,353300,65,Normal
Tom Clurey,POR,DEF,335500,65,Normal
Changkuoth Jiath,HAW,DEF,266500,65,Normal
Brent Daniels,GWS,FWD,356600,65,Normal
Jason Castagna,RIC,FWD,341000,65,Normal
Taylor Walker,ADE,FWD,298200,65,Normal
Luke Dunstan,STK,MID,395400,65,Normal
Chris Mayne,COL,MID,373400,65,Normal
Darcy Fort,GEE,RUC,390700,65,Normal
David Mackay,ADE,DEF,393300,64,Normal
Damon Greaves,HAW,DEF,389700,64,Normal
Jake Carlisle,STK,DEF,372500,64,Normal
Taylin Duman,FRE,DEF,354600,64,Normal
Mason Redman,ESS,DEF,330200,64,Normal
Jack Henry,GEE,DEF,325500,64,Normal
Jarrod Harbrow,GCS,DEF,309100,64,Normal
Brett Bewley,FRE,FWD,388200,64,Normal
Rhys Mathieson,BRI,FWD,364800,64,Normal
Josh Battle,STK,FWD,362900,64,Normal
Sam Day,GCS,FWD,298300,64,Normal
Tim O'Brien,HAW,FWD,297500,64,Normal
Nathan Jones,MEL,FWD,292100,64,Normal
Brett Bewley,FRE,MID,388200,64,Normal
Rhys Mathieson,BRI,MID,365800,64,Normal
Josh Battle,STK,MID,362900,64,Normal
Nathan Jones,MEL,MID,292100,64,Normal
Esava Ratugolea,GEE,RUC,369400,64,Normal
Grant Birchall,BRI,DEF,375300,63,Normal
Noah Balta,RIC,DEF,373600,63,Normal
Lachlan Keeffe,GWS,DEF,372800,63,Normal
Reece Conca,FRE,DEF,370300,63,Normal
Harry Morrison,HAW,DEF,358500,63,Normal
Daniel Talia,ADE,DEF,354600,63,Normal
Shane McAdam,ADE,FWD,354600,63,Normal
Jake Melksham,MEL,FWD,296800,63,Normal
Justin McInerney,SYD,MID,384400,63,Normal
Harry Morrison,HAW,MID,358500,63,Normal
Andrew Phillips,ESS,RUC,353000,63,Normal
Isaac Quaynor,COL,DEF,405300,62,Normal
Will Day,HAW,DEF,384400,62,Normal
Jack Madgen,COL,DEF,380500,62,Normal
Sam Mayes,POR,DEF,342500,62,Normal
Jed Bews,GEE,DEF,341800,62,Normal
Josh Walker,NME,DEF,329600,62,Normal
Bryce Gibbs,ADE,DEF,290100,62,Normal
Jordan De Goey,COL,FWD,435200,62,Normal
Daniel Rioli,RIC,FWD,341500,62,Normal
David Cuningham,CAR,FWD,340700,62,Normal
Cameron Zurhaar,NME,FWD,337800,62,Normal
Will Hayward,SYD,FWD,327100,62,Normal
Brendon Ah Chee,WCE,FWD,310200,62,Normal
Steven Motlop,POR,FWD,308500,62,Normal
Tom Scully,HAW,FWD,290500,62,Normal
Tom Scully,HAW,MID,290500,62,Normal
Josh Jenkins,GEE,RUC,323400,62,Normal
Tom Cole,WCE,DEF,364600,61,Normal
Griffin Logue,FRE,DEF,339400,61,Normal
Alex Keath,WBD,DEF,323900,61,Normal
Zac Fisher,CAR,FWD,394200,61,Normal
Esava Ratugolea,GEE,FWD,369400,61,Normal
Elliott Himmelberg,ADE,FWD,358000,61,Normal
Jaidyn Stephenson,NME,FWD,354100,61,Normal
Nick Blakey,SYD,FWD,318700,61,Normal
George Hewett,SYD,MID,374700,61,Normal
Josh Caddy,RIC,MID,335100,61,Normal
Nick Blakey,SYD,MID,318700,61,Normal
James Sicily,HAW,DEF,552900,60,Normal
Steven May,MEL,DEF,507900,60,Normal
Bachar Houli,RIC,DEF,465600,60,Normal
Zac Williams,CAR,DEF,458600,60,Normal
Tom Doedee,ADE,DEF,457900,60,Normal
Trent Rivers,MEL,DEF,350400,60,Normal
Nathan Broad,RIC,DEF,349200,60,Normal
Taylor Duryea,WBD,DEF,342200,60,Normal
Easton Wood,WBD,DEF,297700,60,Normal
Rowan Marshall,STK,FWD,557200,60,Normal
Michael Walters,FRE,FWD,531100,60,Normal
Rory Lobb,FRE,FWD,415000,60,Normal
Taylor Duryea,WBD,FWD,342200,60,Normal
Alex Sexton,GCS,FWD,330000,60,Normal
Josh Thomas,COL,FWD,305800,60,Normal
Mitch Duncan,GEE,MID,556700,60,Normal
Michael Walters,FRE,MID,531100,60,Normal
Dion Prestia,RIC,MID,446800,60,Normal
Mitchell Hinge,ADE,MID,328800,60,Normal
Quinton Narkle,GEE,MID,310400,60,Normal
Brayden Fiorini,GCS,MID,301700,60,Normal
Rowan Marshall,STK,RUC,557200,60,Normal
Paddy Ryder,STK,RUC,505900,60,Normal
Jarrod Witts,GCS,RUC,501600,60,Normal
Sean Darcy,FRE,RUC,420100,60,Normal
Rory Lobb,FRE,RUC,415000,60,Normal
Cale Hooker,ESS,DEF,372700,59,Normal
Andrew McPherson,ADE,DEF,368300,59,Normal
Charlie Ballard,GCS,DEF,307600,59,Normal
Brandon Starcevich,BRI,DEF,307300,59,Normal
Martin Gleeson,ESS,DEF,293400,59,Normal
Phil Davis,GWS,DEF,290700,59,Normal
Sam Simpson,GEE,FWD,350600,59,Normal
Bailey Scott,NME,FWD,332300,59,Normal
Daniel Lloyd,GWS,FWD,330900,59,Normal
Nick Holman,GCS,FWD,328600,59,Normal
Max King,STK,FWD,327400,59,Normal
Sydney Stack,RIC,FWD,277600,59,Normal
Bailey Scott,NME,MID,332300,59,Normal
Sydney Stack,RIC,MID,277600,59,Normal
Sam Draper,ESS,RUC,378100,59,Normal
Adam Tomlinson,MEL,DEF,324000,58,Normal
Lachie Ash,GWS,DEF,320600,58,Normal
Michael Hartley,HAW,DEF,317800,58,Normal
Tom Williamson,CAR,DEF,313400,58,Normal
Wayne Milera,ADE,DEF,312200,58,Normal
Jordan Roughead,COL,DEF,311300,58,Normal
James Frawley,STK,DEF,295900,58,Normal
Dean Kent,STK,FWD,335200,58,Normal
Aaron Naughton,WBD,FWD,329700,58,Normal
Harry McKay,CAR,FWD,319900,58,Normal
Ed Richards,WBD,FWD,309300,58,Normal
Ben King,GCS,FWD,298700,58,Normal
Adam Tomlinson,MEL,MID,324000,58,Normal
Ed Richards,WBD,MID,309300,58,Normal
Lachlan Sholl,ADE,DEF,343200,57,Normal
Jake Kolodjashnij,GEE,DEF,330200,57,Normal
Aaron Francis,ESS,DEF,320300,57,Normal
Daniel McStay,BRI,FWD,333800,57,Normal
Josh Jenkins,GEE,FWD,323400,57,Normal
Eddie Betts,CAR,FWD,308800,57,Normal
Tyson Stengle,ADE,FWD,305300,57,Normal
Ben Brown,MEL,FWD,260300,57,Normal
Darcy Tucker,FRE,MID,347900,57,Normal
Lachlan Sholl,ADE,MID,343200,57,Normal
Riley Bonner,POR,DEF,318200,56,Normal
Sam Frost,HAW,DEF,304900,56,Normal
Jarrod Lienert,POR,DEF,289200,56,Normal
Todd Marshall,POR,FWD,377400,56,Normal
Jake Aarts,RIC,FWD,329400,56,Normal
Tom McCartin,SYD,FWD,312800,56,Normal
Josh Bruce,WBD,FWD,275000,56,Normal
Tom Cutler,ESS,MID,364700,56,Normal
Connor Blakely,FRE,MID,295000,56,Normal
Nic Newman,CAR,DEF,415400,55,Normal
Matt Guelfi,ESS,DEF,324300,55,Normal
Jack Lonie,STK,FWD,351200,55,Normal
Lachlan Murphy,ADE,FWD,328600,55,Normal
Tom Atkins,GEE,FWD,293500,55,Normal
Jackson Hately,ADE,MID,310300,55,Normal
Ben McKay,NME,DEF,333600,54,Normal
Lachie Fogarty,CAR,FWD,319100,54,Normal
Alex Neal-Bullen,MEL,FWD,310100,54,Normal
Shaun McKernan,STK,FWD,245900,54,Normal
Brayden Sier,COL,MID,313800,54,Normal
Charlie Constable,GEE,MID,266500,54,Normal
Josh Rotham,WCE,DEF,331500,53,Normal
Lewis Melican,SYD,DEF,324700,53,Normal
Dylan Clarke,ESS,FWD,348600,53,Normal
Lin Jong,WBD,FWD,318100,53,Normal
Curtis Taylor,NME,FWD,315800,53,Normal
Jake Stringer,ESS,FWD,282600,53,Normal
Dylan Clarke,ESS,MID,348600,53,Normal
Dylan Stephens,SYD,MID,337800,53,Normal
Lin Jong,WBD,MID,318100,53,Normal
Adam Kennedy,GWS,MID,300900,53,Normal
Ryan Burton,POR,DEF,318800,52,Normal
Kane Farrell,POR,FWD,309200,52,Normal
Sam Weideman,MEL,FWD,303800,52,Normal
James Stewart,ESS,FWD,295000,52,Normal
Darcy Fogarty,ADE,FWD,286400,52,Normal
Kane Farrell,POR,MID,309200,52,Normal
Tom De Koning,CAR,RUC,305500,52,Normal
Zaine Cordy,WBD,DEF,313700,51,Normal
Connor Budarick,GCS,DEF,256500,51,Normal
Bailey Dale,WBD,FWD,298500,51,Normal
Mitch Crowden,FRE,FWD,295500,51,Normal
Jack Ross,RIC,MID,333100,51,Normal
Tyler Brown,COL,MID,311000,51,Normal
Mabior Chol,RIC,RUC,327200,51,Normal
Noah Answerth,BRI,DEF,304500,50,Normal
Daniel Howe,HAW,DEF,280500,50,Normal
Jake Riccardi,GWS,FWD,336500,50,Normal
Harry Schoenberg,ADE,FWD,315600,50,Normal
Dylan Moore,HAW,FWD,302300,50,Normal
Laitham Vandermeer,WBD,FWD,278900,50,Normal
Daniel Howe,HAW,MID,280500,50,Normal
Laitham Vandermeer,WBD,MID,278900,50,Normal
David Astbury,RIC,DEF,400400,49,Normal
Tobe Watson,FRE,DEF,303700,49,Normal
Colin O'Riordan,SYD,DEF,268000,49,Normal
Mabior Chol,RIC,FWD,327200,49,Normal
Jake Waterman,WCE,FWD,323600,49,Normal
Hayden McLean,SYD,FWD,317000,49,Normal
Bobby Hill,GWS,FWD,287200,49,Normal
Mitch McGovern,CAR,FWD,283900,49,Normal
Kysaiah Pickett,MEL,FWD,256400,49,Normal
Brayden Ham,ESS,MID,277800,49,Normal
Chayce Jones,ADE,MID,236800,49,Normal
Sam Taylor,GWS,DEF,323400,48,Normal
Jay Lockhart,MEL,DEF,289600,48,Normal
Isaac Cumming,GWS,DEF,288000,48,Normal
Kyron Hayden,NME,DEF,281400,48,Normal
Brandon Zerk-Thatcher,ESS,DEF,255200,48,Normal
Mason Cox,COL,FWD,312200,48,Normal
Nick Larkey,NME,FWD,263800,48,Normal
Braydon Preuss,GWS,RUC,303000,48,Normal
Archie Smith,BRI,RUC,217100,48,Normal
Sam Wicks,SYD,FWD,316200,47,Normal
Jayden Laverde,ESS,FWD,308000,47,Normal
Roarke Smith,WBD,FWD,281400,47,Normal
Roarke Smith,WBD,MID,281400,47,Normal
Levi Greenwood,COL,MID,276800,47,Normal
Hayden Young,FRE,DEF,279400,46,Normal
Charlie Spargo,MEL,FWD,298200,46,Normal
Mitch Hannan,WBD,FWD,283600,46,Normal
Will Walker,NME,FWD,244500,46,Normal
Will Walker,NME,MID,244500,46,Normal
Luke Jackson,MEL,FWD,312500,45,Normal
Lance Franklin,SYD,FWD,312000,45,Normal
Darcy Cameron,COL,FWD,302900,45,Normal
Jarrod Brander,WCE,FWD,295500,45,Normal
Tarryn Thomas,NME,FWD,290100,45,Normal
Bailey Banfield,FRE,FWD,288200,45,Normal
Mitch Brown,MEL,FWD,280500,45,Normal
Travis Colyer,FRE,FWD,275800,45,Normal
Jack Mahony,NME,FWD,271900,45,Normal
Tom Sparrow,MEL,MID,337200,45,Normal
Jarrod Brander,WCE,MID,295500,45,Normal
Oskar Baker,MEL,MID,290100,45,Normal
Jack Payne,BRI,DEF,255100,44,Normal
Matt Taberner,FRE,FWD,403000,44,Normal
Rhylee West,WBD,FWD,278000,44,Normal
Sam Gray,SYD,FWD,276300,44,Normal
Lewis Taylor,SYD,FWD,265600,44,Normal
Bradley Close,GEE,FWD,257200,44,Normal
Jack Bytel,STK,MID,280500,44,Normal
Caleb Graham,GCS,DEF,284800,43,Normal
Ryan Gardner,WBD,DEF,232800,43,Normal
Josh Corbett,GCS,FWD,273200,43,Normal
Sam Sturt,FRE,FWD,265100,43,Normal
Jacob Townsend,GCS,FWD,238200,43,Normal
James Bell,SYD,FWD,267300,42,Normal
Brayden Ainsworth,WCE,FWD,253900,42,Normal
Oliver Hanrahan,HAW,FWD,237200,42,Normal
Brayden Ainsworth,WCE,MID,253900,42,Normal
Jack Buckley,GWS,DEF,223800,41,Normal
Billy Frampton,ADE,FWD,286100,41,Normal
Ben Ronke,SYD,FWD,275600,41,Normal
Taylor Garner,NME,FWD,267400,41,Normal
Matthew Cottrell,CAR,MID,262200,41,Normal
Jack Buckley,GWS,MID,223800,41,Normal
Kaiden Brand,SYD,DEF,245000,40,Normal
Tom J. Lynch,RIC,FWD,366700,40,Normal
Joel Smith,MEL,DEF,211100,39,Normal
Harry Himmelberg,GWS,FWD,355300,39,Normal
Aiden Bonar,NME,DEF,245400,38,Normal
Callum L. Brown,COL,FWD,349600,38,Normal
Josh J. Kennedy,WCE,FWD,346200,38,Normal
Keidean Coleman,BRI,FWD,299800,38,Normal
Boyd Woodcock,POR,FWD,261100,38,Normal
Ned McHenry,ADE,FWD,212900,38,Normal
Will Hamill,ADE,DEF,210900,37,Normal
Cameron Ellis-Yolmen,BRI,FWD,337800,37,Normal
Irving Mosquito,ESS,FWD,264700,37,Normal
Jack Silvagni,CAR,FWD,257400,37,Normal
Jack Petruccelle,WCE,FWD,217100,37,Normal
Cameron Ellis-Yolmen,BRI,MID,337800,37,Normal
Matt de Boer,GWS,MID,303700,37,Normal
Will Hayes,WBD,MID,249300,37,Normal
Nick Hind,ESS,FWD,331000,36,Normal
Tristan Xerri,NME,FWD,265900,36,Normal
Josh Schache,WBD,FWD,214400,36,Normal
Xavier O'Halloran,GWS,MID,227500,36,Normal
Kyle Hartigan,HAW,DEF,314300,35,Normal
Connor Idun,GWS,DEF,214900,35,Normal
Mitch Georgiades,POR,FWD,317000,35,Normal
Jesse Hogan,GWS,FWD,310800,34,Normal
Charlie Curnow,CAR,FWD,294600,34,Normal
Sean Lemmens,GCS,FWD,253400,34,Normal
Willem Drew,POR,MID,310800,34,Normal
Marty Hore,MEL,DEF,303600,33,Normal
Lachlan Schultz,FRE,FWD,298000,33,Normal
Sam Switkowski,FRE,FWD,279400,33,Normal
Aaron vandenBerg,MEL,MID,301300,33,Normal
Joel Hamling,FRE,DEF,271000,32,Normal
Marcus Adams,BRI,DEF,250400,32,Normal
Willie Rioli,WCE,FWD,296600,32,Normal
Tom Hickey,SYD,RUC,261100,32,Normal
Zac Smith,GCS,RUC,216000,31,Normal
Caleb Marchbank,CAR,DEF,275400,30,Normal
Rory Atkins,GCS,MID,244200,30,Normal
Daniel McKenzie,STK,DEF,222300,29,Normal
Nathan Vardy,WCE,RUC,228600,29,Normal
Kayne Turner,NME,FWD,260800,28,Normal
Jordan Murdoch,GCS,DEF,253000,27,Normal
Matt Buntine,GWS,DEF,225900,26,Normal
Thomas Berry,BRI,FWD,235500,26,Normal
Xavier O'Neill,WCE,FWD,233200,26,Normal
Matt Buntine,GWS,FWD,225900,26,Normal
Xavier O'Neill,WCE,MID,233200,26,Normal
Alex Pearce,FRE,DEF,235600,25,Normal
Jack Hombsch,GCS,DEF,230200,25,Normal
Patrick Ambrose,ESS,DEF,217800,25,Normal
Zac Langdon,WCE,FWD,224900,25,Normal
Chris Burgess,GCS,DEF,210000,22,Normal
Cameron Rayner,BRI,FWD,392900,20,Normal
Sam J. Reid,GWS,DEF,297300,18,Normal
Harrison Petty,MEL,DEF,228200,0,Normal
Peter Wright,ESS,FWD,292300,0,Normal
Harrison Petty,MEL,FWD,228200,0,Normal
Matt Flynn,GWS,RUC,123900,75,Rookie
Paddy Dow,CAR,FWD,202400,70,Rookie
Paddy Dow,CAR,MID,202400,70,Rookie
Braeden Campbell,SYD,FWD,189300,64,Rookie
Braeden Campbell,SYD,MID,189300,64,Rookie
Tom Powell,NME,MID,153300,64,Rookie
Chad Warner,SYD,FWD,144000,62,Rookie
Jordon Butts,ADE,DEF,176800,58,Rookie
Nikolas Cox,ESS,DEF,175800,58,Rookie
Archie Perkins,ESS,FWD,171300,58,Rookie
Miles Bergman,POR,FWD,123900,58,Rookie
Tyler Brockman,HAW,FWD,117300,58,Rookie
Tom Fullarton,BRI,FWD,128900,58,Rookie
James Rowe,ADE,FWD,117300,58,Rookie
Archie Perkins,ESS,MID,171300,58,Rookie
Tyler Brockman,HAW,MID,117300,58,Rookie
Tom Fullarton,BRI,RUC,128900,58,Rookie
Lloyd Meek,FRE,RUC,123900,58,Rookie
Lachlan Jones,POR,DEF,139800,53,Rookie
Thomas Highmore,STK,DEF,117300,53,Rookie
Riley Thilthorpe,ADE,FWD,202800,53,Rookie
Harrison Jones,ESS,FWD,123900,53,Rookie
Alex Waterman,ESS,FWD,102400,53,Rookie
James Jordon,MEL,MID,123900,53,Rookie
Errol Gulden,SYD,MID,117300,53,Rookie
Connor Downie,HAW,MID,117300,53,Rookie
Riley Thilthorpe,ADE,RUC,202800,53,Rookie
Jacob Koschitzke,HAW,DEF,123900,48,Rookie
Lachie Young,NME,DEF,202000,40,Rookie
Heath Chapman,FRE,DEF,148800,40,Rookie
Trent Bianco,COL,DEF,123900,40,Rookie
Will Gould,SYD,DEF,123900,40,Rookie
Kieren Briggs,GWS,DEF,123900,40,Rookie
Martin Frederick,POR,DEF,123900,40,Rookie
Jacob Wehr,GWS,DEF,117300,40,Rookie
Logan McDonald,SYD,FWD,193800,40,Rookie
Deven Robertson,BRI,FWD,176800,40,Rookie
Oliver Henry,COL,FWD,135300,40,Rookie
Finlay Macrae,COL,FWD,126300,40,Rookie
Ely Smith,BRI,FWD,123900,40,Rookie
Kieren Briggs,GWS,FWD,123900,40,Rookie
Corey Durdin,CAR,FWD,117200,40,Rookie
Josh Treacy,FRE,FWD,102400,40,Rookie
Lachie Young,NME,MID,202000,40,Rookie
Will Phillips,NME,MID,198300,40,Rookie
Tanner Bruhn,GWS,MID,157800,40,Rookie
Oliver Henry,COL,MID,135300,40,Rookie
Finlay Macrae,COL,MID,126300,40,Rookie
Ely Smith,BRI,MID,123900,40,Rookie
Hugo Ralphsmith,RIC,MID,123900,40,Rookie
Riley Collier-Dawkins,RIC,MID,123900,40,Rookie
Jackson Mead,POR,MID,123900,40,Rookie
Sam Berry,ADE,MID,117300,40,Rookie
Corey Durdin,CAR,MID,117300,40,Rookie
Keegan Brooksby,HAW,RUC,206900,40,Rookie
Josh Treacy,FRE,RUC,102400,40,Rookie
Isaac Chugg,COL,DEF,102400,30,Rookie
Isaac Chugg,COL,FWD,102400,30,Rookie
Luke Valente,FRE,MID,123900,30,Rookie
Connor Menadue,NME,DEF,201500,0,Rookie
Jake Stein,GWS,DEF,200100,0,Rookie
Fischer Mcasey,ADE,DEF,199300,0,Rookie
Lewis Young,WBD,DEF,198300,0,Rookie
Flynn Perez,NME,DEF,193400,0,Rookie
Louis Butler,WBD,DEF,191800,0,Rookie
Joel Garner,POR,DEF,189900,0,Rookie
Ryan Garthwaite,RIC,DEF,188000,0,Rookie
Liam Stocker,CAR,DEF,186500,0,Rookie
Neville Jetta,MEL,DEF,186300,0,Rookie
Denver Grainger-Barras,HAW,DEF,184800,0,Rookie
Tyson Goldsack,POR,DEF,182000,0,Rookie
Zach Guthrie,GEE,DEF,180500,0,Rookie
Darragh Joyce,STK,DEF,177300,0,Rookie
Zach Reid,ESS,DEF,166800,0,Rookie
Matthew Ling,SYD,DEF,163000,0,Rookie
Kade Chandler,MEL,DEF,161200,0,Rookie
Mark Keane,COL,DEF,158000,0,Rookie
Dylan Roberton,STK,DEF,139700,0,Rookie
Ben Jarvis,GEE,DEF,139200,0,Rookie
Luke Foley,WCE,DEF,127900,0,Rookie
James Madden,BRI,DEF,123900,0,Rookie
Rory Thompson,GCS,DEF,123900,0,Rookie
Barry O'Connor,SYD,DEF,123900,0,Rookie
Ben Johnson,WCE,DEF,123900,0,Rookie
Ben Miller,RIC,DEF,123900,0,Rookie
Brock Smith,BRI,DEF,123900,0,Rookie
Buku Khamis,WBD,DEF,123900,0,Rookie
Callum M. Brown,GWS,DEF,123900,0,Rookie
Cian McBride,ESS,DEF,123900,0,Rookie
Harry Edwards,WCE,DEF,123900,0,Rookie
Harry Pepper,HAW,DEF,123900,0,Rookie
Jake Pasini,POR,DEF,123900,0,Rookie
Jaxon Prior,BRI,DEF,123900,0,Rookie
Jez McLennan,GCS,DEF,123900,0,Rookie
Josh Worrell,ADE,DEF,123900,0,Rookie
Lachlan Gollant,ADE,DEF,123900,0,Rookie
Leno Thomas,FRE,DEF,123900,0,Rookie
Leo Connolly,STK,DEF,123900,0,Rookie
Luke Towey,GCS,DEF,123900,0,Rookie
Matt McGuinness,NME,DEF,123900,0,Rookie
Nathan Murphy,COL,DEF,123900,0,Rookie
Oscar Clavarino,STK,DEF,123900,0,Rookie
Ross McQuillan,ESS,DEF,123900,0,Rookie
Sam De Koning,GEE,DEF,123900,0,Rookie
Stefan Okunbor,GEE,DEF,123900,0,Rookie
Bailey Laurie,MEL,DEF,117300,0,Rookie
Beau McCreery,COL,DEF,117300,0,Rookie
Brandon Walker,FRE,DEF,117300,0,Rookie
Cameron Fleeton,GWS,DEF,117300,0,Rookie
Cody Brand,ESS,DEF,117300,0,Rookie
Harry Sharp,BRI,DEF,117300,0,Rookie
Isiah Winder,WCE,DEF,117300,0,Rookie
Joshua Eyre,ESS,DEF,117300,0,Rookie
Blake Coleman,BRI,DEF,117200,0,Rookie
Nick Stevens,GEE,DEF,117200,0,Rookie
Aiden Fyfe,GCS,DEF,102400,0,Rookie
Deividas Uosis,BRI,DEF,102400,0,Rookie
James Borlase,ADE,DEF,102400,0,Rookie
Joel Jeffrey,GCS,DEF,102400,0,Rookie
Luke Parks,CAR,DEF,102400,0,Rookie
Malachy Carruthers,SYD,DEF,102400,0,Rookie
Patrick Walker,NME,DEF,102400,0,Rookie
Rhys Nicholls,GCS,DEF,102400,0,Rookie
Will Shaw,GWS,DEF,102400,0,Rookie
Jamarra Ugle-Hagan,WBD,FWD,207300,0,Rookie
Trey Ruscoe,COL,FWD,206800,0,Rookie
Mitch Lewis,HAW,FWD,199500,0,Rookie
Ben Cavarra,WBD,FWD,194900,0,Rookie
Bailey J. Williams,WCE,FWD,193400,0,Rookie
Conor Nash,HAW,FWD,193400,0,Rookie
Sam Flanders,GCS,FWD,192300,0,Rookie
Ben Davis,ADE,FWD,191800,0,Rookie
Jonathon Patton,HAW,FWD,189800,0,Rookie
Liam Henry,FRE,FWD,184500,0,Rookie
Jy Farrar,GCS,FWD,184300,0,Rookie
Jamaine Jones,WCE,FWD,182400,0,Rookie
Elijah Hollands,GCS,FWD,180300,0,Rookie
Daniel Venables,WCE,FWD,179900,0,Rookie
Minairo Frederick,FRE,FWD,175700,0,Rookie
Atu Bosenavulagi,NME,FWD,175500,0,Rookie
Cody Weightman,WBD,FWD,173700,0,Rookie
Sam Philp,CAR,FWD,171100,0,Rookie
Jayden Hunt,MEL,FWD,163300,0,Rookie
Ned Cahill,ESS,FWD,161200,0,Rookie
Callum Coleman-Jones,RIC,FWD,161200,0,Rookie
Kade Chandler,MEL,FWD,161200,0,Rookie
Mark Hutchings,WCE,FWD,157600,0,Rookie
Tom Campbell,NME,FWD,154700,0,Rookie
Jarrod Cameron,WCE,FWD,153700,0,Rookie
Kieran Strachan,ADE,FWD,146700,0,Rookie
Connor Ballenden,BRI,FWD,146100,0,Rookie
Josh Morris,HAW,FWD,145100,0,Rookie
Conor Stone,GWS,FWD,144300,0,Rookie
Ben Jarvis,GEE,FWD,139200,0,Rookie
Toby Bedford,MEL,FWD,137000,0,Rookie
Will Kelly,COL,FWD,135400,0,Rookie
Tom Hutchesson,GWS,FWD,135400,0,Rookie
Dylan Williams,POR,FWD,123900,0,Rookie
James Madden,BRI,FWD,123900,0,Rookie
Anton Tohill,COL,FWD,123900,0,Rookie
Barry O'Connor,SYD,FWD,123900,0,Rookie
Cameron Taheny,GEE,FWD,123900,0,Rookie
Connor McFadyen,BRI,FWD,123900,0,Rookie
Emerson Jeka,HAW,FWD,123900,0,Rookie
Francis Evans,GEE,FWD,123900,0,Rookie
Lachlan Johnson,ESS,FWD,123900,0,Rookie
Leno Thomas,FRE,FWD,123900,0,Rookie
Malcolm Rosas,GCS,FWD,123900,0,Rookie
Matthew Owies,CAR,FWD,123900,0,Rookie
Max Lynch,COL,FWD,123900,0,Rookie
Max Lynch,COL,FWD,123900,0,Rookie
Nakia Cockatoo,BRI,FWD,123900,0,Rookie
Nathan Kreuger,GEE,FWD,123900,0,Rookie
Noah Cumberland,RIC,FWD,123900,0,Rookie
Oscar Brownless,GEE,FWD,123900,0,Rookie
Patrick Murtagh,GCS,FWD,123900,0,Rookie
Ross McQuillan,ESS,FWD,123900,0,Rookie
Stefan Okunbor,GEE,FWD,123900,0,Rookie
Tom Wilson,COL,FWD,123900,0,Rookie
Trent Burgoyne,POR,FWD,123900,0,Rookie
Zach Sproule,GWS,FWD,123900,0,Rookie
Max Holmes,GEE,FWD,121800,0,Rookie
Beau McCreery,COL,FWD,117300,0,Rookie
Brayden Cook,ADE,FWD,117300,0,Rookie
Caleb Poulter,COL,FWD,117300,0,Rookie
Dominic Bedendo,WBD,FWD,117300,0,Rookie
Eddie Ford,NME,FWD,117300,0,Rookie
Fraser Rosman,MEL,FWD,117300,0,Rookie
Jake Bowey,MEL,FWD,117300,0,Rookie
Joshua Eyre,ESS,FWD,117300,0,Rookie
Liam McMahon,COL,FWD,117300,0,Rookie
Matthew Allison,STK,FWD,117300,0,Rookie
Maurice Rioli,RIC,FWD,117300,0,Rookie
Ollie Lord,POR,FWD,117300,0,Rookie
Phoenix Spicer,NME,FWD,117300,0,Rookie
Reef McInnes,COL,FWD,117300,0,Rookie
Seamus Mitchell,HAW,FWD,117300,0,Rookie
Blake Coleman,BRI,FWD,117200,0,Rookie
Jack Carroll,CAR,FWD,117200,0,Rookie
Jack Ginnivan,COL,FWD,102400,0,Rookie
Jack Saunders,HAW,FWD,102400,0,Rookie
Joel Jeffrey,GCS,FWD,102400,0,Rookie
Marc Sheather,SYD,FWD,102400,0,Rookie
Lewis Young,WBD,MID,198300,0,Rookie
Finn Maginness,HAW,MID,195600,0,Rookie
Ben Cavarra,WBD,MID,194900,0,Rookie
Flynn Perez,NME,MID,193400,0,Rookie
Jamaine Jones,WCE,MID,182400,0,Rookie
Lochie O'Brien,CAR,MID,180500,0,Rookie
Patrick Naish,RIC,MID,180500,0,Rookie
Zach Reid,ESS,MID,166800,0,Rookie
Luke Pedlar,ADE,MID,162300,0,Rookie
Mark Hutchings,WCE,MID,157600,0,Rookie
Thomson Dow,RIC,MID,146100,0,Rookie
Jeremy Sharp,GCS,MID,141800,0,Rookie
Tom Hutchesson,GWS,MID,135400,0,Rookie
Ryan Angwin,GWS,MID,130800,0,Rookie
Dylan Williams,POR,MID,123900,0,Rookie
Ryan Byrnes,STK,MID,123900,0,Rookie
Stefan Giro,FRE,MID,123900,0,Rookie
Aaron Nietschke,MEL,MID,123900,0,Rookie
Brock Smith,BRI,MID,123900,0,Rookie
Brodie Kemp,CAR,MID,123900,0,Rookie
Cooper Stephens,GEE,MID,123900,0,Rookie
Francis Evans,GEE,MID,123900,0,Rookie
Harry Edwards,WCE,MID,123900,0,Rookie
Jake Pasini,POR,MID,123900,0,Rookie
Jay Rantall,COL,MID,123900,0,Rookie
Josh Honey,CAR,MID,123900,0,Rookie
Lachlan Johnson,ESS,MID,123900,0,Rookie
Nakia Cockatoo,BRI,MID,123900,0,Rookie
Nick Shipley,GWS,MID,123900,0,Rookie
Noah Cumberland,RIC,MID,123900,0,Rookie
Riley Garcia,WBD,MID,123900,0,Rookie
Ronin O'Connor,ADE,MID,123900,0,Rookie
Sam Ramsay,CAR,MID,123900,0,Rookie
Tom Hird,ESS,MID,123900,0,Rookie
Tom Joyce,BRI,MID,123900,0,Rookie
Tom Wilson,COL,MID,123900,0,Rookie
Trent Burgoyne,POR,MID,123900,0,Rookie
Will Martyn,RIC,MID,123900,0,Rookie
Max Holmes,GEE,MID,121800,0,Rookie
Charlie Lazzaro,NME,MID,117300,0,Rookie
Henry Smith,BRI,MID,117300,0,Rookie
Isiah Winder,WCE,MID,117300,0,Rookie
Joel Western,FRE,MID,117300,0,Rookie
Luke Edwards,WCE,MID,117300,0,Rookie
Nathan O'Driscoll,FRE,MID,117300,0,Rookie
Reef McInnes,COL,MID,117300,0,Rookie
Jack Carroll,CAR,MID,117200,0,Rookie
Alex Davies,GCS,MID,102400,0,Rookie
Carter Michael,BRI,MID,102400,0,Rookie
Hawego Paul Oea,GCS,MID,102400,0,Rookie
Jack Ginnivan,COL,MID,102400,0,Rookie
Jack Saunders,HAW,MID,102400,0,Rookie
Lachlan McNeil,WBD,MID,102400,0,Rookie
Taj Schofield,POR,MID,102400,0,Rookie
Tariek Newchurch,ADE,MID,102400,0,Rookie
Zane Trew,WCE,MID,102400,0,Rookie
Zane Trew,WCE,MID,102400,0,Rookie
Joel Amartey,SYD,RUC,195600,0,Rookie
Bailey J. Williams,WCE,RUC,193400,0,Rookie
Callum Coleman-Jones,RIC,RUC,161200,0,Rookie
Tom Campbell,NME,RUC,154700,0,Rookie
Kieran Strachan,ADE,RUC,146700,0,Rookie
Austin Bradtke,MEL,RUC,123900,0,Rookie
Bigoa Nyuon,RIC,RUC,123900,0,Rookie
Callum Jamieson,WCE,RUC,123900,0,Rookie
Charlie Comben,NME,RUC,123900,0,Rookie
Jordon Sweet,WBD,RUC,123900,0,Rookie
Matt Conroy,GCS,RUC,123900,0,Rookie
Max Lynch,COL,RUC,123900,0,Rookie
Ned Reeves,HAW,RUC,123900,0,Rookie
Nick Bryan,ESS,RUC,123900,0,Rookie
Sam Hayes,POR,RUC,123900,0,Rookie
Sam Alabakis,STK,RUC,123900,0,Rookie
Henry Smith,BRI,RUC,117300,0,Rookie
Samson Ryan,RIC,RUC,117300,0,Rookie
Shannon Neale,GEE,RUC,117300,0,Rookie
Mate Colina,RIC,RUC,102400,0,Rookie
Paul Tsapatolis,GEE,RUC,102400,0,Rookie
